group;date;source;text_lower;Comment;–û–±–µ—â–∞–Ω–∏–µ;–ü—Ä–æ–≤–µ—Ä—è–µ–º–æ—Å—Ç—å;–ö–æ–Ω–∫—Ä–µ—Ç–Ω–æ—Å—Ç—å;–í—ã–ø–æ–ª–Ω–µ–Ω–∏–µ;–¢–µ–º–∞
sprav_ross;2021-09-14;–°–æ—Ü–∏–∞–ª—å–Ω—ã–µ —Å–µ—Ç–∏;–æ—Ç–º–µ–Ω–∏–º –µ–≥—ç;üá∑üá∫ –±—É–¥—É—â–µ–µ —Ä–æ—Å—Å–∏–∏ –≤ –≤–∞—à–∏—Ö —Ä—É–∫–∞—Ö! –Ω–µ—Å–º–æ—Ç—Ä—è –Ω–∞ –º–∞–ª–æ—á–∏—Å–ª–µ–Ω–Ω–æ—Å—Ç—å –Ω–∞—à–µ–π —Ñ—Ä–∞–∫—Ü–∏–∏ –≤ –≥–æ—Å–¥—É–º–µ vii —Å–æ–∑—ã–≤–∞ –æ–Ω–∞ —è–≤–ª—è–µ—Ç—Å—è —Å–∞–º–æ–π –ø—Ä–æ—Ñ–µ—Å—Å–∏–æ–Ω–∞–ª—å–Ω–æ–π –∏ –ø—Ä–æ–∏–∑–≤–æ–¥–∏—Ç–µ–ª—å–Ω–æ–π ‚Äì –ø–æ –∫–æ–ª–∏—á–µ—Å—Ç–≤—É –ø—Ä–∏–Ω—è—Ç—ã—Ö –∑–∞–∫–æ–Ω–æ–≤ –Ω–∞ –æ–¥–Ω–æ–≥–æ –¥–µ–ø—É—Ç–∞—Ç–∞ –º—ã –∑–∞–Ω–∏–º–∞–µ–º –ø–µ—Ä–≤–æ–µ –º–µ—Å—Ç–æ. –º—ã –≤–Ω–µ—Å–ª–∏ –Ω–µ—Å–∫–æ–ª—å–∫–æ –ø—Ä–∏–Ω—Ü–∏–ø–∏–∞–ª—å–Ω—ã—Ö –ø–æ–ø—Ä–∞–≤–æ–∫ –≤ –∫–æ–Ω—Å—Ç–∏—Ç—É—Ü–∏—é —Ä—Ñ, –æ—Ç–º–µ–Ω–∏–ª–∏ –≤–Ω—É—Ç—Ä–∏—Å–µ—Ç–µ–≤–æ–π —Ä–æ—É–º–∏–Ω–≥ —Å—Ä–µ–¥–∏ —Ä–µ–≥–∏–æ–Ω–æ–≤. –º—ã –µ–¥–∏–Ω—Å—Ç–≤–µ–Ω–Ω–∞—è —Ñ—Ä–∞–∫—Ü–∏—è, –∫–æ—Ç–æ—Ä–∞—è –µ–∂–µ–≥–æ–¥–Ω–æ –≥–æ–ª–æ—Å—É–µ—Ç –ø—Ä–æ—Ç–∏–≤ –ø—Ä–∏–Ω—è—Ç–∏—è –±—é–¥–∂–µ—Ç–∞, –∏ –≥–æ—Ç–æ–≤–∏—Ç –µ–≥–æ –∞–ª—å—Ç–µ—Ä–Ω–∞—Ç–∏–≤–Ω—ã–π –≤–∞—Ä–∏–∞–Ω—Ç. –º—ã –±—É–¥–µ–º –∏ –¥–∞–ª—å—à–µ —Ä–∞–±–æ—Ç–∞—Ç—å –¥–ª—è –≤–∞—à–µ–≥–æ –±–ª–∞–≥–∞: –æ—Ç–º–µ–Ω–∏–º –µ–≥—ç –∏ –ø–µ–Ω—Å–∏–æ–Ω–Ω—É—é —Ä–µ—Ñ–æ—Ä–º—É, —É–≤–µ–ª–∏—á–∏–º –ø–µ–Ω—Å–∏—é –¥–æ 31 —Ç—ã—Å—è—á–∏, –∞ –º—Ä–æ—Ç –¥–æ 50 —Ç—ã—Å—è—á —Ä—É–±–ª–µ–π, –≤–≤–µ–¥–µ–º —Å–ø—Ä–∞–≤–µ–¥–ª–∏–≤—ã–π –±–∞–∑–æ–≤—ã–π –¥–æ—Ö–æ–¥ –ø–æ –ø—Ä–∞–≤—É —Ä–æ–∂–¥–µ–Ω–∏—è. –î–µ–ø—É—Ç–∞—Ç—ã –æ—Ç —Ñ—Ä–∞–∫—Ü–∏–π –õ–î–ü–†, –ö–ü–†–§ –∏ ¬´–°–ø—Ä–∞–≤–µ–¥–ª–∏–≤–∞—è –†–æ—Å—Å–∏—è¬†‚Äî –ó–∞ –ø—Ä–∞–≤–¥—É¬ª, –∞ —Ç–∞–∫–∂–µ —Å–µ–Ω–∞—Ç–æ—Ä –ï–ª–µ–Ω–∞ –ê—Ñ–∞–Ω–∞—Å—å–µ–≤–∞ –≤–Ω–µ—Å–ª–∏ –≤ –ì–æ—Å–¥—É–º—É –∑–∞–∫–æ–Ω–æ–ø—Ä–æ–µ–∫—Ç –æ–± –æ—Ç–º–µ–Ω–µ –ï–¥–∏–Ω–æ–≥–æ –≥–æ—Å—É–¥–∞—Ä—Å—Ç–≤–µ–Ω–Ω–æ–≥–æ —ç–∫–∑–∞–º–µ–Ω–∞ (–ï–ì–≠) –≤ –ø–æ–ª—å–∑—É —Ç—Ä–∞–¥–∏—Ü–∏–æ–Ω–Ω—ã—Ö –≥–æ—Å—É–¥–∞—Ä—Å—Ç–≤–µ–Ω–Ω—ã—Ö —ç–∫–∑–∞–º–µ–Ω–æ–≤. –î–æ–∫—É–º–µ–Ω—Ç –æ–ø—É–±–ª–∏–∫–æ–≤–∞–Ω –≤ –¥—É–º—Å–∫–æ–π –±–∞–∑–µ –¥–∞–Ω–Ω—ã—Ö.;1;1;1;0.5;–û–±—Ä–∞–∑–æ–≤–∞–Ω–∏–µ
sprav_ross;2021-09-14;–°–æ—Ü–∏–∞–ª—å–Ω—ã–µ —Å–µ—Ç–∏;–æ—Ç–º–µ–Ω–∏–º –ø–µ–Ω—Å–∏–æ–Ω–Ω—É—é —Ä–µ—Ñ–æ—Ä–º—É;;1;1;1;0.5;–°–æ—Ü–∏–∞–ª—å–Ω–∞—è –ø–æ–ª–∏—Ç–∏–∫–∞
sprav_ross;2021-09-14;–°–æ—Ü–∏–∞–ª—å–Ω—ã–µ —Å–µ—Ç–∏;—É–≤–µ–ª–∏—á–∏–º –ø–µ–Ω—Å–∏—é –¥–æ 31 —Ç—ã—Å—è—á–∏;;1;1;1;0;–°–æ—Ü–∏–∞–ª—å–Ω–∞—è –ø–æ–ª–∏—Ç–∏–∫–∞
sprav_ross;2021-09-14;–°–æ—Ü–∏–∞–ª—å–Ω—ã–µ —Å–µ—Ç–∏;—É–≤–µ–ª–∏—á–∏–º –º—Ä–æ—Ç –¥–æ 50 —Ç—ã—Å—è—á —Ä—É–±–ª–µ–π;–í –∞–ø—Ä–µ–ª–µ 2025 –≥–æ–¥–∞ –¥–µ–ø—É—Ç–∞—Ç—ã –°–†–ó–ü –≤–Ω–µ—Å–ª–∏ –∑–∞–∫–æ–Ω–æ–ø—Ä–æ–µ–∫—Ç –æ–± —É–≤–µ–ª–∏—á–µ–Ω–∏–∏ –ú–†–û–¢ –¥–æ 34 —Ç—ã—Å—è—á —Ä—É–±–ª–µ–π —Å 1 —è–Ω–≤–∞—Ä—è 2026 –≥–æ–¥–∞. –≠—Ç–æ—Ç –∑–∞–∫–æ–Ω–æ–ø—Ä–æ–µ–∫—Ç –±—ã–ª –æ—Ç–∫–ª–æ–Ω–µ–Ω.;1;1;1;0.5;–°–æ—Ü–∏–∞–ª—å–Ω–∞—è –ø–æ–ª–∏—Ç–∏–∫–∞
sprav_ross;2021-09-14;–°–æ—Ü–∏–∞–ª—å–Ω—ã–µ —Å–µ—Ç–∏;–í–≤–µ–¥–µ–º —Å–ø—Ä–∞–≤–µ–¥–ª–∏–≤—ã–π –±–∞–∑–æ–≤—ã–π –¥–æ—Ö–æ–¥ –ø–æ –ø—Ä–∞–≤—É —Ä–æ–∂–¥–µ–Ω–∏—è;;1;1;1;0.5;–°–æ—Ü–∏–∞–ª—å–Ω–∞—è –ø–æ–ª–∏—Ç–∏–∫–∞
sprav_ross;2021-09-13;–°–æ—Ü–∏–∞–ª—å–Ω—ã–µ —Å–µ—Ç–∏;–ø—Ä–æ–≥—Ä–∞–º–º–∞ —Ç—É—Ä–∏—Å—Ç–∏—á–µ—Å–∫–æ–≥–æ –∫–µ—à–±—ç–∫–∞ –¥–æ–ª–∂–Ω–∞ –±—ã—Ç—å —Ä–∞—Å—à–∏—Ä–µ–Ω–∞ –≤ 2022 –≥–æ–¥—É;"—ç—Ç–∏–º –ª–µ—Ç–æ–º –æ—Ç–µ—á–µ—Å—Ç–≤–µ–Ω–Ω—ã–µ –∫—É—Ä–æ—Ä—Ç—ã –ø–æ—Å—Ç–∞–≤–∏–ª–∏ —Ä–µ–∫–æ—Ä–¥ –ø–æ —á–∏—Å–ª—É —Ç—É—Ä–∏—Å—Ç–æ–≤, –∏—Ö –ø–æ—Å–µ—Ç–∏–ª–æ 20 –º–∏–ª–ª–∏–æ–Ω–æ–≤ –≥—Ä–∞–∂–¥–∞–Ω. –ø—Ä–∏—á–∏–Ω–æ–π —ç—Ç–æ–º—É —Å—Ç–∞–ª–æ –∑–∞–∫—Ä—ã—Ç–∏–µ –≥—Ä–∞–Ω–∏—Ü –≤ —Å–≤—è–∑–∏ —Å –ø–∞–Ω–¥–µ–º–∏–µ–π. —Ü–µ–Ω—ã –Ω–∞ —Ä–æ—Å—Å–∏–π—Å–∫–∏—Ö –∫—É—Ä–æ—Ä—Ç–∞—Ö —Ç–æ–∂–µ –±—ã–ª–∏ —Ä–µ–∫–æ—Ä–¥–Ω—ã–µ. —Å—É—â–µ—Å—Ç–≤–µ–Ω–Ω—ã–º –ø–ª—é—Å–æ–º –ø–æ–µ–∑–¥–∫–∏ —Å—Ç–∞–ª —Ç—É—Ä–∏—Å—Ç–∏—á–µ—Å–∫–∏–π –∫–µ—à–±—ç–∫, —Å–æ—Å—Ç–∞–≤–∏–≤—à–∏–π 20% –æ—Ç —Å—Ç–æ–∏–º–æ—Å—Ç–∏ –æ—Ç–¥—ã—Ö–∞. –ø—Ä–æ–≥—Ä–∞–º–º–∞ –æ–∫—É–ø–∏–ª–∞—Å—å –≤–æ –≤—Å–µ—Ö —Å–º—ã—Å–ª–∞—Ö. —Ä–æ—Å—Ç—É—Ä–∏–∑–º –æ—Ç–º–µ—á–∞–µ—Ç, —á—Ç–æ –Ω–∞ –æ–¥–∏–Ω —Ä—É–±–ª—å –≥–æ—Å—É–¥–∞—Ä—Å—Ç–≤–µ–Ω–Ω—ã—Ö –¥–µ–Ω–µ–≥ –±—é–¥–∂–µ—Ç—ã –ø–æ–ª—É—á–∏–ª–∏ –ø—è—Ç—å. –Ω–µ—Å–º–æ—Ç—Ä—è –Ω–∞ —ç—Ç–æ, –≤ —Å–ª–µ–¥—É—é—â–µ–º –≥–æ–¥—É –µ–≥–æ —Ä–µ—à–∏–ª–∏ –æ—Å—Ç–∞–≤–∏—Ç—å —Ç–æ–ª—å–∫–æ –Ω–∞ –Ω–∏–∑–∫–∏–π —Å–µ–∑–æ–Ω. 

–ø–æ–ª–æ–∂–∏—Ç–µ–ª—å–Ω—ã–π –æ–ø—ã—Ç –≤—ã–ø–ª–∞—Ç—ã —Ç—É—Ä–∏—Å—Ç–∏—á–µ—Å–∫–æ–≥–æ –∫–µ—à–±—ç–∫–∞ –Ω—É–∂–Ω–æ —Ä–∞—Å–ø—Ä–æ—Å—Ç—Ä–∞–Ω–∏—Ç—å –Ω–∞ –≤–µ—Å—å –ª–µ—Ç–Ω–∏–π –ø–µ—Ä–∏–æ–¥ –∏ –æ–¥–Ω–æ–≤—Ä–µ–º–µ–Ω–Ω–æ –æ—Ç–º–µ–Ω–∏—Ç—å –∫—É—Ä–æ—Ä—Ç–Ω—ã–π —Å–±–æ—Ä, –∫–æ—Ç–æ—Ä—ã–π –ø–æ—á—Ç–∏ –Ω–∏—á–µ–≥–æ –Ω–µ —Ä–µ—à–∞–µ—Ç –≤ –ø–ª–∞–Ω–µ –∏–Ω—Ñ—Ä–∞—Å—Ç—Ä—É–∫—Ç—É—Ä—ã, –Ω–æ –ø—Ä–∏ —ç—Ç–æ–º –ø—Ä–∏–±–∞–≤–ª—è–µ—Ç –∫ —Å—Ç–æ–∏–º–æ—Å—Ç–∏ –æ—Ç–¥—ã—Ö–∞. ""—Ä–∞–∑–≤–∏—Ç–∏–µ–º —Ä–æ—Å—Å–∏–π—Å–∫–∏—Ö –∫—É—Ä–æ—Ä—Ç–æ–≤ –¥–æ–ª–∂–Ω—ã –∑–∞–Ω–∏–º–∞—Ç—å—Å—è –Ω–µ —Ç—É—Ä–∏—Å—Ç—ã, –∞ –≥–æ—Å—É–¥–∞—Ä—Å—Ç–≤–æ. –∏ –∑–∞–Ω–∏–º–∞—Ç—å—Å—è —Ç–∞–∫, —á—Ç–æ–±—ã —Ç—É—Ä–∏—Å—Ç—ã —Ö–æ—Ç–µ–ª–∏ –Ω–∞ –Ω–∏—Ö –≤–µ—Ä–Ω—É—Ç—å—Å—è"", ‚Äì –æ—Ç–º–µ—Ç–∏–ª [id12086666|—Å–µ—Ä–≥–µ–π –º–∏—Ä–æ–Ω–æ–≤].";1;1;0;0.5;–≠–∫–æ–Ω–æ–º–∏–∫–∞ –∏ –∏–Ω—Ñ—Ä–∞—Å—Ç—Ä—É–∫—Ç—É—Ä–∞
sprav_ross;2021-09-13;–°–æ—Ü–∏–∞–ª—å–Ω—ã–µ —Å–µ—Ç–∏;–º–æ—Ä–∞—Ç–æ—Ä–∏–π –Ω–∞ —Å–º–µ—Ä—Ç–Ω—É—é –∫–∞–∑–Ω—å –Ω—É–∂–Ω–æ –æ—Ç–º–µ–Ω—è—Ç—å;–ü—Ä–µ–¥—Å–µ–¥–∞—Ç–µ–ª—å –ø–∞—Ä—Ç–∏–∏ ¬´–°–ø—Ä–∞–≤–µ–¥–ª–∏–≤–∞—è –†–æ—Å—Å–∏—è¬†‚Äî –ó–∞ –ø—Ä–∞–≤–¥—É¬ª –°–µ—Ä–≥–µ–π –ú–∏—Ä–æ–Ω–æ–≤ –Ω–∞–ø—Ä–∞–≤–∏–ª –ø–∏—Å—å–º–æ –Ω–∞ –∏–º—è –ø—Ä–µ–∑–∏–¥–µ–Ω—Ç–∞ –†–æ—Å—Å–∏–∏ –í–ª–∞–¥–∏–º–∏—Ä–∞ –ü—É—Ç–∏–Ω–∞ —Å –ø—Ä–æ—Å—å–±–æ–π –∏–Ω–∏—Ü–∏–∏—Ä–æ–≤–∞—Ç—å –ø–µ—Ä–µ—Å–º–æ—Ç—Ä –ø–æ–∑–∏—Ü–∏–∏ –ö–æ–Ω—Å—Ç–∏—Ç—É—Ü–∏–æ–Ω–Ω–æ–≥–æ —Å—É–¥–∞ –≤ –æ—Ç–Ω–æ—à–µ–Ω–∏–∏ —Å–º–µ—Ä—Ç–Ω–æ–π –∫–∞–∑–Ω–∏.;1;1;1;0.5;–ü—Ä–∞–≤–æ–ø–æ—Ä—è–¥–æ–∫ –∏ –±–µ–∑–æ–ø–∞—Å–Ω–æ—Å—Ç—å
sprav_ross;2021-09-08;–°–æ—Ü–∏–∞–ª—å–Ω—ã–µ —Å–µ—Ç–∏;–ø—Ä–∏–∑–Ω–∞—Ç—å –º–∞—Ç–µ—Ä–∏–Ω—Å—Ç–≤–æ –∫–∞–∫ –ø—Ä–æ—Ñ–µ—Å—Å–∏—é;;1;1;1;0;–°–æ—Ü–∏–∞–ª—å–Ω–∞—è –ø–æ–ª–∏—Ç–∏–∫–∞
sprav_ross;2021-09-08;–°–æ—Ü–∏–∞–ª—å–Ω—ã–µ —Å–µ—Ç–∏;–æ–±–µ—Å–ø–µ—á–∏—Ç—å –º–∞–º —Å–ø—Ä–∞–≤–µ–¥–ª–∏–≤—ã–º –º–∞—Ç–µ—Ä–∏–Ω—Å–∫–∏–º –¥–æ—Ö–æ–¥–æ–º —Å –º–æ–º–µ–Ω—Ç–∞ —Ä–æ–∂–¥–µ–Ω–∏—è —Ä–µ–±–µ–Ω–∫–∞;–í –ì–æ—Å–¥—É–º–µ –ø—Ä–µ–¥–ª–æ–∂–∏–ª–∏ —É–≤–µ–ª–∏—á–∏—Ç—å —Å—É–º–º—É –º–∞—Ç–µ—Ä–∏–Ω—Å–∫–æ–≥–æ –∫–∞–ø–∏—Ç–∞–ª–∞ –µ—â–µ –Ω–∞ 1 –º–ª–Ω —Ä—É–±. –≤ —Å–ª—É—á–∞–µ —Ä–æ–∂–¥–µ–Ω–∏—è –ø–µ—Ä–≤–æ–≥–æ —Ä–µ–±–µ–Ω–∫–∞ –¥–æ –¥–æ—Å—Ç–∏–∂–µ–Ω–∏—è –∂–µ–Ω—â–∏–Ω–æ–π 24 –ª–µ—Ç.;1;1;1;0.5;–°–æ—Ü–∏–∞–ª—å–Ω–∞—è –ø–æ–ª–∏—Ç–∏–∫–∞
sprav_ross;2021-09-08;–°–æ—Ü–∏–∞–ª—å–Ω—ã–µ —Å–µ—Ç–∏;–≤–≤–µ—Å—Ç–∏ –º–∞—Ç–µ—Ä–∏–Ω—Å–∫–∏–π —Å—Ç–∞–∂;;1;1;1;0;–°–æ—Ü–∏–∞–ª—å–Ω–∞—è –ø–æ–ª–∏—Ç–∏–∫–∞
sprav_ross;2021-09-07;–°–æ—Ü–∏–∞–ª—å–Ω—ã–µ —Å–µ—Ç–∏;"–ø—Ä–æ–≤–µ—Å—Ç–∏ –∞–º–Ω–∏—Å—Ç–∏—é –¥–ª—è ""—Å–µ—Ä—ã—Ö"" –∑–∞—Ä–ø–ª–∞—Ç –Ω–∞ —É–¥–æ–±–Ω—ã—Ö –¥–ª—è –≥–æ—Å—É–¥–∞—Ä—Å—Ç–≤–∞, –≥—Ä–∞–∂–¥–∞–Ω –∏ –∫–æ–º–ø–∞–Ω–∏–π —É—Å–ª–æ–≤–∏—è—Ö. –∞–º–Ω–∏—Å—Ç–∏—è –¥–æ–ª–∂–Ω–∞ –Ω–æ—Å–∏—Ç—å –≤—Ä–µ–º–µ–Ω–Ω—ã–π —Ö–∞—Ä–∞–∫—Ç–µ—Ä. –∑–∞ –≤—Ä–µ–º—è –µ–µ –¥–µ–π—Å—Ç–≤–∏—è –ø—Ä–µ–¥–ø—Ä–∏—è—Ç–∏—è –∏ —Å–æ—Ç—Ä—É–¥–Ω–∏–∫–∏ —Å–º–æ–≥—É—Ç –∑–∞–¥–µ–∫–ª–∞—Ä–∏—Ä–æ–≤–∞—Ç—å —Ä–µ–∞–ª—å–Ω—ã–µ –∑–∞—Ä–ø–ª–∞—Ç—ã –±–µ–∑ —à—Ç—Ä–∞—Ñ–æ–≤ –∏ —Å–∞–Ω–∫—Ü–∏–π, –∞ —Ç–∞–∫–∂–µ –ø–æ–ª—É—á–∏—Ç—å –ø–æ —Å–æ–≥–ª–∞—Å–æ–≤–∞–Ω–∏—é —Å –≤–ª–∞—Å—Ç—è–º–∏ –æ—Ç—Å—Ä–æ—á–∫—É –ø–æ —É–ø–ª–∞—Ç–µ –Ω–∞–ª–æ–≥–æ–≤ –Ω–∞ —Å—Ä–æ–∫ –¥–æ —à–µ—Å—Ç–∏ –º–µ—Å—è—Ü–µ–≤ –∏–ª–∏ —Å–ø–∏—Å–∞—Ç—å —á–∞—Å—Ç—å –¥–æ–ª–≥–∞.
";?;1;1;1;0.5;–≠–∫–æ–Ω–æ–º–∏–∫–∞ –∏ –∏–Ω—Ñ—Ä–∞—Å—Ç—Ä—É–∫—Ç—É—Ä–∞
sprav_ross;2021-09-07;–°–æ—Ü–∏–∞–ª—å–Ω—ã–µ —Å–µ—Ç–∏;—É–º–µ–Ω—å—à–∏—Ç—å –Ω–∞–ª–æ–≥–æ–≤—É—é –Ω–∞–≥—Ä—É–∑–∫—É –Ω–∞ –∑–∞—Ä–ø–ª–∞—Ç—ã;;1;1;1;0.5;–≠–∫–æ–Ω–æ–º–∏–∫–∞ –∏ –∏–Ω—Ñ—Ä–∞—Å—Ç—Ä—É–∫—Ç—É—Ä–∞
sprav_ross;2021-09-07;–°–æ—Ü–∏–∞–ª—å–Ω—ã–µ —Å–µ—Ç–∏;—Å–Ω–∏–∑–∏—Ç—å —Å–æ—Ü–∏–∞–ª—å–Ω—ã–µ –≤–∑–Ω–æ—Å—ã —Å 30% –¥–æ 15%;;1;1;1;0.5;–°–æ—Ü–∏–∞–ª—å–Ω–∞—è –ø–æ–ª–∏—Ç–∏–∫–∞
sprav_ross;2021-09-07;–°–æ—Ü–∏–∞–ª—å–Ω—ã–µ —Å–µ—Ç–∏;–¥–ª—è –±–æ–≥–∞—Ç—ã—Ö, –∫–æ—Ç–æ—Ä—ã–µ –ø–ª–∞—Ç—è—Ç –≤–∑–Ω–æ—Å—ã –≤ —Å–æ—Ü–∏–∞–ª—å–Ω—ã–µ —Ñ–æ–Ω–¥—ã –ø–æ –ø–æ–Ω–∏–∂–µ–Ω–Ω–æ–π —Å—Ç–∞–≤–∫–µ, –Ω—É–∂–Ω–æ, –Ω–∞–ø—Ä–æ—Ç–∏–≤, –ø–æ–¥–Ω—è—Ç—å –µ–µ –≤ –¥–≤–∞ —Ä–∞–∑–∞ ‚Äì –¥–æ 30%;;1;1;1;0;–≠–∫–æ–Ω–æ–º–∏–∫–∞ –∏ –∏–Ω—Ñ—Ä–∞—Å—Ç—Ä—É–∫—Ç—É—Ä–∞
sprav_ross;2021-09-01;–°–æ—Ü–∏–∞–ª—å–Ω—ã–µ —Å–µ—Ç–∏;—É–≤–µ–ª–∏—á–∏—Ç—å –∑–∞—Ä–ø–ª–∞—Ç—É —É—á–∏—Ç–µ–ª—è –¥–æ 200% –æ—Ç —Å—Ä–µ–¥–Ω–µ–π –ø–æ —Ä–µ–≥–∏–æ–Ω—É, –≤ –∫–æ—Ç–æ—Ä–æ–º –æ–Ω —Ä–∞–±–æ—Ç–∞–µ—Ç. –∏ —ç—Ç–æ –±–µ–∑ —É—á–µ—Ç–∞ –Ω–∞–¥–±–∞–≤–æ–∫;;1;1;1;0;–û–±—Ä–∞–∑–æ–≤–∞–Ω–∏–µ
sprav_ross;2021-08-30;–°–æ—Ü–∏–∞–ª—å–Ω—ã–µ —Å–µ—Ç–∏;–≤–≤–µ–¥–µ–Ω–∏–µ –Ω–æ–≤–æ–≥–æ –µ–∂–µ–≥–æ–¥–Ω–æ–≥–æ –ø–æ—Å–æ–±–∏—è;–ö –Ω–∞—á–∞–ª—É —É—á–µ–±–Ω–æ–≥–æ –≥–æ–¥–∞;1;1;1;0.5;–°–æ—Ü–∏–∞–ª—å–Ω–∞—è –ø–æ–ª–∏—Ç–∏–∫–∞
sprav_ross;2021-08-24;–°–æ—Ü–∏–∞–ª—å–Ω—ã–µ —Å–µ—Ç–∏;–¥–µ–Ω–µ–∂–Ω—ã–µ –ø–µ—Ä–µ–≤–æ–¥—ã –¥–æ–ª–∂–Ω—ã –æ–±–ª–∞–≥–∞—Ç—å—Å—è –Ω–∞–ª–æ–≥–æ–º;–û –º–∏–≥—Ä–∞–Ω—Ç–∞—Ö;1;1;1;0.5;–≠–∫–æ–Ω–æ–º–∏–∫–∞ –∏ –∏–Ω—Ñ—Ä–∞—Å—Ç—Ä—É–∫—Ç—É—Ä–∞
sprav_ross;2021-08-19;–°–æ—Ü–∏–∞–ª—å–Ω—ã–µ —Å–µ—Ç–∏;–∑–∞—Å—á–∏—Ç—ã–≤–∞—Ç—å –≤ —Ç—Ä—É–¥–æ–≤–æ–π —Å—Ç–∞–∂ —Ä–∞–±–æ—Ç—É –≤–æ–ª–æ–Ω—Ç–µ—Ä–æ–≤;;1;1;1;0;–¢—Ä—É–¥ –∏ –∑–∞–Ω—è—Ç–æ—Å—Ç—å
sprav_ross;2021-08-17;–°–æ—Ü–∏–∞–ª—å–Ω—ã–µ —Å–µ—Ç–∏;—É–ø—Ä–æ—Å—Ç–∏—Ç—å –æ—Ñ–æ—Ä–º–ª–µ–Ω–∏–µ –ø–µ—Ä–µ–ø–ª–∞–Ω–∏—Ä–æ–≤–æ–∫ –≤ –∫–≤–∞—Ä—Ç–∏—Ä–∞—Ö;;1;1;1;1;–≠–∫–æ–Ω–æ–º–∏–∫–∞ –∏ –∏–Ω—Ñ—Ä–∞—Å—Ç—Ä—É–∫—Ç—É—Ä–∞
sprav_ross;2021-08-12;–°–æ—Ü–∏–∞–ª—å–Ω—ã–µ —Å–µ—Ç–∏;–ø—Ä–∏–Ω—è—Ç—å –ø—Ä–æ–≥—Ä–∞–º–º–Ω—ã–π –∑–∞–∫–æ–Ω –æ –ª–µ–∫–∞—Ä—Å—Ç–≤–µ–Ω–Ω–æ–º –æ–±–µ—Å–ø–µ—á–µ–Ω–∏–∏, –≥–∞—Ä–∞–Ω—Ç–∏—Ä—É—é—â–∏–π –±–µ—Å–ø–ª–∞—Ç–Ω—ã–µ –ª–µ–∫–∞—Ä—Å—Ç–≤–∞ –≤—Å–µ–º –ª—å–≥–æ—Ç–Ω–∏–∫–∞–º;;1;1;1;0.5;–°–æ—Ü–∏–∞–ª—å–Ω–∞—è –ø–æ–ª–∏—Ç–∏–∫–∞
sprav_ross;2021-08-12;–°–æ—Ü–∏–∞–ª—å–Ω—ã–µ —Å–µ—Ç–∏;—É–±—Ä–∞—Ç—å –æ–≥—Ä–∞–Ω–∏—á–µ–Ω–∏—è –ø—Ä–∏ –≥–æ—Å–∑–∞–∫—É–ø–∫–∞—Ö –ª–µ–∫–∞—Ä—Å—Ç–≤;;1;1;1;1;–ó–¥—Ä–∞–≤–æ–æ—Ö—Ä–∞–Ω–µ–Ω–∏–µ
sprav_ross;2021-08-12;–°–æ—Ü–∏–∞–ª—å–Ω—ã–µ —Å–µ—Ç–∏;–∏—Å–∫–ª—é—á–∏—Ç—å –ø—Ä–∞–≤–∏–ª–æ ¬´—Ç—Ä–µ—Ç–∏–π –ª–∏—à–Ω–∏–π¬ª –ø—Ä–∏ –∑–∞–∫—É–ø–∫–µ –∂–∏–∑–Ω–µ–Ω–Ω–æ –Ω–µ–æ–±—Ö–æ–¥–∏–º—ã—Ö –ø—Ä–µ–ø–∞—Ä–∞—Ç–æ–≤;;1;1;1;1;–ó–¥—Ä–∞–≤–æ–æ—Ö—Ä–∞–Ω–µ–Ω–∏–µ
sprav_ross;2021-07-30;–°–æ—Ü–∏–∞–ª—å–Ω—ã–µ —Å–µ—Ç–∏;–≤–µ—Ä–Ω—É—Ç—å –ø—Ä–µ–∂–Ω–∏–π –ø–µ–Ω—Å–∏–æ–Ω–Ω—ã–π –≤–æ–∑—Ä–∞—Å—Ç;;1;1;1;0.5;–°–æ—Ü–∏–∞–ª—å–Ω–∞—è –ø–æ–ª–∏—Ç–∏–∫–∞
sprav_ross;2021-07-07;–°–æ—Ü–∏–∞–ª—å–Ω—ã–µ —Å–µ—Ç–∏;–ø—Ä–æ–≤–µ–¥–µ–Ω–∏—è –∫—Ä–µ–¥–∏—Ç–Ω–æ–π –∞–º–Ω–∏—Å—Ç–∏–∏ –¥–ª—è —Ä–æ—Å—Å–∏—è–Ω;;1;1;0;0;–≠–∫–æ–Ω–æ–º–∏–∫–∞ –∏ –∏–Ω—Ñ—Ä–∞—Å—Ç—Ä—É–∫—Ç—É—Ä–∞
sprav_ross;2021-07-07;–°–æ—Ü–∏–∞–ª—å–Ω—ã–µ —Å–µ—Ç–∏;–∑–∞–ø—Ä–µ—Ç–∞ –º–∏–∫—Ä–æ—Ñ–∏–Ω–∞–Ω—Å–æ–≤—ã—Ö –æ—Ä–≥–∞–Ω–∏–∑–∞—Ü–∏–π –∏ –∫–æ–ª–ª–µ–∫—Ç–æ—Ä–æ–≤;;1;1;0;0.5;–≠–∫–æ–Ω–æ–º–∏–∫–∞ –∏ –∏–Ω—Ñ—Ä–∞—Å—Ç—Ä—É–∫—Ç—É—Ä–∞
sprav_ross;2021-07-06;–°–æ—Ü–∏–∞–ª—å–Ω—ã–µ —Å–µ—Ç–∏;—Ä–æ—Å—Ç —Ü–µ–Ω –Ω–∞ —Å—Ç—Ä–æ–π–º–∞—Ç–µ—Ä–∏–∞–ª—ã –Ω—É–∂–Ω–æ –æ–≥—Ä–∞–Ω–∏—á–∏–≤–∞—Ç—å –∫–∞–∫ –Ω–∞ —Ç–æ–≤–∞—Ä—ã –ø–µ—Ä–≤–æ–π –Ω–µ–æ–±—Ö–æ–¥–∏–º–æ—Å—Ç–∏;;1;1;1;0.5;–≠–∫–æ–Ω–æ–º–∏–∫–∞ –∏ –∏–Ω—Ñ—Ä–∞—Å—Ç—Ä—É–∫—Ç—É—Ä–∞
sprav_ross;2021-07-01;–°–æ—Ü–∏–∞–ª—å–Ω—ã–µ —Å–µ—Ç–∏;–±–µ—Å–ø–ª–∞—Ç–Ω–æ–µ –æ–±—É—á–µ–Ω–∏–µ –¥–æ–ª–∂–Ω–æ –±—ã—Ç—å –¥–æ—Å—Ç—É–ø–Ω–æ –Ω–µ —Ç–æ–ª—å–∫–æ –æ—Ñ–∏—Ü–∏–∞–ª—å–Ω—ã–º –±–µ–∑—Ä–∞–±–æ—Ç–Ω—ã–º, –Ω–æ –∏ –≤—Å–µ–º –∂–µ–ª–∞—é—â–∏–º;;1;1;0;1;–û–±—Ä–∞–∑–æ–≤–∞–Ω–∏–µ
sprav_ross;2021-06-24;–°–æ—Ü–∏–∞–ª—å–Ω—ã–µ —Å–µ—Ç–∏;–≤—ã–≤–µ—Å—Ç–∏ –∞–ª–∫–æ–≥–æ–ª—å–Ω—É—é –ø—Ä–æ–¥—É–∫—Ü–∏—é –∏–∑ –ø—Ä–æ–¥—É–∫—Ç–æ–≤—ã—Ö –º–∞–≥–∞–∑–∏–Ω–æ–≤;;1;1;1;0.5;–ó–¥—Ä–∞–≤–æ–æ—Ö—Ä–∞–Ω–µ–Ω–∏–µ
sprav_ross;2021-06-22;–°–æ—Ü–∏–∞–ª—å–Ω—ã–µ —Å–µ—Ç–∏;–Ω–¥—Å –Ω–∞ –ø—Ä–æ–¥—É–∫—Ç—ã –∏ —Å–æ—Ü–∏–∞–ª—å–Ω–æ –∑–Ω–∞—á–∏–º—ã–µ —Ç–æ–≤–∞—Ä—ã –Ω–µ–æ–±—Ö–æ–¥–∏–º–æ —Å–Ω–∏–∑–∏—Ç—å –≤ —á–µ—Ç—ã—Ä–µ —Ä–∞–∑–∞, –¥–æ 5%;;1;1;1;0.5;–≠–∫–æ–Ω–æ–º–∏–∫–∞ –∏ –∏–Ω—Ñ—Ä–∞—Å—Ç—Ä—É–∫—Ç—É—Ä–∞
sprav_ross;2021-06-11;–°–æ—Ü–∏–∞–ª—å–Ω—ã–µ —Å–µ—Ç–∏;–æ–≥—Ä–∞–Ω–∏—á–∏—Ç—å —Ç–æ—Ä–≥–æ–≤—É—é –Ω–∞—Ü–µ–Ω–∫—É –Ω–∞ –±–∞–∑–æ–≤—ã–µ –ø—Ä–æ–¥—É–∫—Ç—ã –ø–∏—Ç–∞–Ω–∏—è 15%;;1;1;1;0.5;–≠–∫–æ–Ω–æ–º–∏–∫–∞ –∏ –∏–Ω—Ñ—Ä–∞—Å—Ç—Ä—É–∫—Ç—É—Ä–∞
sprav_ross;2021-06-10;–°–æ—Ü–∏–∞–ª—å–Ω—ã–µ —Å–µ—Ç–∏;–∑–∞—â–∏—Ç–∏—Ç—å –≥—Ä–∞–∂–¥–∞–Ω –æ—Ç —Ç–µ–ª–µ—Ñ–æ–Ω–Ω–æ–≥–æ —Å–ø–∞–º–∞;–ö–∏–±–µ—Ä–º–æ—à–µ–Ω–∏—á–µ—Å—Ç–≤–æ;1;1;1;1;–ü—Ä–∞–≤–æ–ø–æ—Ä—è–¥–æ–∫ –∏ –±–µ–∑–æ–ø–∞—Å–Ω–æ—Å—Ç—å
sprav_ross;2021-06-07;–°–æ—Ü–∏–∞–ª—å–Ω—ã–µ —Å–µ—Ç–∏;–º—Ä–æ—Ç –Ω—É–∂–Ω–æ –ø–æ–¥–Ω–∏–º–∞—Ç—å –¥–æ 50-60 —Ç—ã—Å—è—á —Ä—É–±–ª–µ–π;;1;1;1;0.5;–≠–∫–æ–Ω–æ–º–∏–∫–∞ –∏ –∏–Ω—Ñ—Ä–∞—Å—Ç—Ä—É–∫—Ç—É—Ä–∞
sprav_ross;2021-06-07;–°–æ—Ü–∏–∞–ª—å–Ω—ã–µ —Å–µ—Ç–∏;–∑–∞—Ä–ø–ª–∞—Ç—ã –º–µ–¥–∏–∫–∞–º –Ω—É–∂–Ω–æ —É–¥–≤–æ–∏—Ç—å;;1;1;1;0.5;–ó–¥—Ä–∞–≤–æ–æ—Ö—Ä–∞–Ω–µ–Ω–∏–µ
sprav_ross;2021-06-03;–°–æ—Ü–∏–∞–ª—å–Ω—ã–µ —Å–µ—Ç–∏;–≤–æ–¥–Ω–∞—è –∞–º–Ω–∏—Å—Ç–∏—è –¥–ª—è –æ–±—â–∏—Ö —Å–∫–≤–∞–∂–∏–Ω –≤ —Å–∞–¥–æ–≤—ã—Ö —Ç–æ–≤–∞—Ä–∏—â–µ—Å—Ç–≤–∞—Ö –¥–æ–ª–∂–Ω–∞ —Å—Ç–∞—Ç—å –±–µ—Å—Å—Ä–æ—á–Ω–æ–π;;1;1;1;0.5;–≠–∫–æ–Ω–æ–º–∏–∫–∞ –∏ –∏–Ω—Ñ—Ä–∞—Å—Ç—Ä—É–∫—Ç—É—Ä–∞
sprav_ross;2021-06-01;–°–æ—Ü–∏–∞–ª—å–Ω—ã–µ —Å–µ—Ç–∏;–≤–≤–µ—Å—Ç–∏ –ø–æ–Ω–∏–∂–∞—é—â—É—é —à–∫–∞–ª—É –Ω–¥—Ñ–ª –¥–ª—è –º–∞–ª–æ–∏–º—É—â–∏—Ö —Å–µ–º–µ–π —Å –¥–µ—Ç—å–º–∏;;1;1;1;1;–°–æ—Ü–∏–∞–ª—å–Ω–∞—è –ø–æ–ª–∏—Ç–∏–∫–∞
newpeople;2021-09-12;–°–æ—Ü–∏–∞–ª—å–Ω—ã–µ —Å–µ—Ç–∏;—Ä–µ–∞–ª–∏–∑–æ–≤–∞—Ç—å –ø—Ä–æ–≥—Ä–∞–º–º—É –ø–æ —Å–Ω–∏–∂–µ–Ω–∏—é —á–∏—Å–ª–µ–Ω–Ω–æ—Å—Ç–∏ –±—Ä–æ–¥—è—á–∏—Ö —Å–æ–±–∞–∫;;1;1;1;1;–≠–∫–æ–ª–æ–≥–∏—è
newpeople;2021-09-12;–°–æ—Ü–∏–∞–ª—å–Ω—ã–µ —Å–µ—Ç–∏;—Å–Ω–∏–∑–∏—Ç—å —É—Ä–æ–≤–µ–Ω—å —à—É–º–∞ –æ—Ç –¥–æ—Ä–æ–≥;;1;1;1;1;–≠–∫–æ–ª–æ–≥–∏—è
newpeople;2021-09-12;–°–æ—Ü–∏–∞–ª—å–Ω—ã–µ —Å–µ—Ç–∏;–æ—á–∏—Å—Ç–∏—Ç—å –∏ –±–ª–∞–≥–æ—É—Å—Ç—Ä–æ–∏—Ç—å –≥–æ—Ä–æ–¥—Å–∫–∏–µ –≤–æ–¥–æ—ë–º—ã;;1;1;1;1;–≠–∫–æ–ª–æ–≥–∏—è
newpeople;2021-09-11;–°–æ—Ü–∏–∞–ª—å–Ω—ã–µ —Å–µ—Ç–∏;—É–≤–µ–ª–∏—á–∏—Ç—å –∑–∞—Ä–ø–ª–∞—Ç—É –º–µ–¥—Ä–∞–±–æ—Ç–Ω–∏–∫–∞–º;;1;1;1;0.5;–ó–¥—Ä–∞–≤–æ–æ—Ö—Ä–∞–Ω–µ–Ω–∏–µ
newpeople;2021-09-09;–°–æ—Ü–∏–∞–ª—å–Ω—ã–µ —Å–µ—Ç–∏;–¥–æ—Å—Ç—É–ø–Ω–∞—è —Å—Ä–µ–¥–∞ –¥–ª—è –∫–∞–∂–¥–æ–≥–æ ;–∏–Ω–∫–ª—é–∑–∏–≤–Ω—ã–π —Ç—É—Ä–∏–∑–º;1;1;0;1;–≠–∫–æ–ª–æ–≥–∏—è
newpeople;2021-09-01;–°–æ—Ü–∏–∞–ª—å–Ω—ã–µ —Å–µ—Ç–∏;–¥–æ—Å—Ç—É–ø–Ω–∞—è —á–∞—Å—Ç–Ω–∞—è –º–µ–¥–∏—Ü–∏–Ω–∞ –ø–æ –ø–æ–ª–∏—Å–∞–º –æ–º—Å;;1;1;0;1;–ó–¥—Ä–∞–≤–æ–æ—Ö—Ä–∞–Ω–µ–Ω–∏–µ
newpeople;2021-08-29;–°–æ—Ü–∏–∞–ª—å–Ω—ã–µ —Å–µ—Ç–∏;–≤–≤–µ—Å—Ç–∏ –µ–¥–∏–Ω—ã–π –æ–∫–ª–∞–¥ –¥–ª—è –≤—Å–µ—Ö —É—á–∏—Ç–µ–ª–µ–π —Ä–æ—Å—Å–∏–∏ –≤ 75 —Ç—ã—Å—è—á —Ä—É–±–ª–µ–π;;1;1;1;0;–û–±—Ä–∞–∑–æ–≤–∞–Ω–∏–µ
newpeople;2021-08-29;–°–æ—Ü–∏–∞–ª—å–Ω—ã–µ —Å–µ—Ç–∏;–¥–∞—Ç—å —É—á–µ–Ω–∏–∫–∞–º –≤–æ–∑–º–æ–∂–Ω–æ—Å—Ç—å –≤—ã–±–æ—Ä–∞ –ø—Ä–µ–¥–º–µ—Ç–æ–≤. –º–æ–¥—É–ª—å–Ω–∞—è —Å–∏—Å—Ç–µ–º–∞ –ø–æ–º–æ–∂–µ—Ç –≤–æ–≤–ª–µ—á—å –¥–µ—Ç–µ–π –≤ –ø—Ä–æ—Ü–µ—Å—Å –∏ —Å–¥–µ–ª–∞—Ç—å —É—á—ë–±—É –ø—Ä–∏–≤–ª–µ–∫–∞—Ç–µ–ª—å–Ω–µ–π;;1;1;1;0;–û–±—Ä–∞–∑–æ–≤–∞–Ω–∏–µ
newpeople;2021-08-26;–°–æ—Ü–∏–∞–ª—å–Ω—ã–µ —Å–µ—Ç–∏;–∏–∑–±–∞–≤–∏—Ç—å —Å—Ñ–µ—Ä—É –≥—Ä—É–∑–æ–ø–µ—Ä–µ–≤–æ–∑–æ–∫ –æ—Ç –∫–æ—Ä—Ä—É–ø—Ü–∏–∏;;1;1;1;0.5;–≠–∫–æ–Ω–æ–º–∏–∫–∞ –∏ –∏–Ω—Ñ—Ä–∞—Å—Ç—Ä—É–∫—Ç—É—Ä–∞
newpeople;2021-08-25;–°–æ—Ü–∏–∞–ª—å–Ω—ã–µ —Å–µ—Ç–∏;—Ä–∞–∑–≤–∏–≤–∞—Ç—å –∫—É–ª—å—Ç—É—Ä—É –ø–æ –≤—Å–µ–π —Å—Ç—Ä–∞–Ω–µ;;1;1;0;1;–°–æ—Ü–∏–∞–ª—å–Ω–∞—è –ø–æ–ª–∏—Ç–∏–∫–∞
newpeople;2021-08-19;–°–æ—Ü–∏–∞–ª—å–Ω—ã–µ —Å–µ—Ç–∏;—Å–Ω–∏–∑–∏—Ç—å –ø–ª–∞—Ç–µ–∂–∏ –∑–∞ –∂–∫—Ö –Ω–∞ 25%;;1;1;1;0;–≠–∫–æ–Ω–æ–º–∏–∫–∞ –∏ –∏–Ω—Ñ—Ä–∞—Å—Ç—Ä—É–∫—Ç—É—Ä–∞
newpeople;2021-08-13;–°–æ—Ü–∏–∞–ª—å–Ω—ã–µ —Å–µ—Ç–∏;–æ—Å—Ç–∞–ª–æ—Å—å –æ–±–µ—Å–ø–µ—á–∏—Ç—å –±–ª–æ–≥–æ—Å—Ñ–µ—Ä–µ —Å–∞–º–æ—Å—Ç–æ—è—Ç–µ–ª—å–Ω–æ—Å—Ç—å. –Ω—É–∂–Ω—ã –ø–æ–Ω—è—Ç–Ω—ã–µ –ø—Ä–∞–≤–∏–ª–∞;;1;1;0;0.5;–¶–∏—Ñ—Ä–æ–≤–∏–∑–∞—Ü–∏—è
newpeople;2021-08-10;–°–æ—Ü–∏–∞–ª—å–Ω—ã–µ —Å–µ—Ç–∏;—Å–Ω–∏–∑–∏—Ç—å –æ–±–æ—Ä–æ—Ç–Ω—ã–π –Ω–∞–ª–æ–≥ —Å —Ä–∞–±–æ—Ç–æ–¥–∞—Ç–µ–ª–µ–π –¥–æ 5%, –∞ –ø–æ–¥–æ—Ö–æ–¥–Ω—ã–π —Å–æ—Ö—Ä–∞–Ω–∏—Ç—å –Ω–∞ —É—Ä–æ–≤–Ω–µ –≤ 13%;;1;1;1;0;–≠–∫–æ–Ω–æ–º–∏–∫–∞ –∏ –∏–Ω—Ñ—Ä–∞—Å—Ç—Ä—É–∫—Ç—É—Ä–∞
newpeople;2021-08-09;–°–æ—Ü–∏–∞–ª—å–Ω—ã–µ —Å–µ—Ç–∏;—É–ø—Ä–∞–∑–¥–Ω–∏—Ç—å —Ä–æ—Å–æ–±—Ä–Ω–∞–¥–∑–æ—Ä;;1;1;1;0;–û–±—Ä–∞–∑–æ–≤–∞–Ω–∏–µ
newpeople;2021-07-29;–°–æ—Ü–∏–∞–ª—å–Ω—ã–µ —Å–µ—Ç–∏;—Å–Ω—è—Ç—å —á—Ä–µ–∑–º–µ—Ä–Ω—ã–π –∞–¥–º–∏–Ω–∏—Å—Ç—Ä–∞—Ç–∏–≤–Ω—ã–π –∫–æ–Ω—Ç—Ä–æ–ª—å —Å –ø—Ä–µ–¥–ø—Ä–∏–Ω–∏–º–∞—Ç–µ–ª–µ–π;;1;1;0;1;–≠–∫–æ–Ω–æ–º–∏–∫–∞ –∏ –∏–Ω—Ñ—Ä–∞—Å—Ç—Ä—É–∫—Ç—É—Ä–∞
newpeople;2021-07-27;–°–æ—Ü–∏–∞–ª—å–Ω—ã–µ —Å–µ—Ç–∏;–º—ã –ø—Ä–µ–¥–ª–∞–≥–∞–µ–º —É—á–∏—Ç—å —à–∫–æ–ª—å–Ω–∏–∫–æ–≤ –ø—Ä–µ–¥–ø—Ä–∏–Ω–∏–º–∞—Ç–µ–ª—å—Å—Ç–≤—É –∏ —Ñ–∏–Ω–∞–Ω—Å–æ–≤–æ–π –≥—Ä–∞–º–æ—Ç–Ω–æ—Å—Ç–∏ –∫–∞–∫ –æ—Ç–¥–µ–ª—å–Ω–æ–π –±–æ–ª—å—à–æ–π –Ω–∞—É–∫–µ, –∞ –Ω–µ —á–∞—Å—Ç–∏ —É—Ä–æ–∫–∞ –æ–±—â–µ—Å—Ç–≤–æ–∑–Ω–∞–Ω–∏—è;–ß—É–∂–∞—è –∏–Ω–∏—Ü–∏–∞—Ç–∏–≤–∞/ –≤–≤–æ–¥—è—Ç—Å—è —Ç–µ—Å—Ç–æ–≤—ã–µ —É—Ä–æ–∫–∏;1;1;1;1;–û–±—Ä–∞–∑–æ–≤–∞–Ω–∏–µ
newpeople;2021-07-16;–°–æ—Ü–∏–∞–ª—å–Ω—ã–µ —Å–µ—Ç–∏;–æ—Ä–≥–∞–Ω–∏–∑–∞—Ü–∏—é –∑–¥–æ—Ä–æ–≤–æ–≥–æ –ø–∏—Ç–∞–Ω–∏—è –¥–ª—è —à–∫–æ–ª—å–Ω–∏–∫–æ–≤;;1;1;1;1;–û–±—Ä–∞–∑–æ–≤–∞–Ω–∏–µ
newpeople;2021-07-11;–°–æ—Ü–∏–∞–ª—å–Ω—ã–µ —Å–µ—Ç–∏;—à–∫–æ–ª–∞–º –Ω–µ–æ–±—Ö–æ–¥–∏–º–æ –¥–∞—Ç—å –±–æ–ª—å—à–µ –≤–æ–∑–º–æ–∂–Ω–æ—Å—Ç–µ–π –≤ –≤—ã–±–æ—Ä–µ –º–µ—Ç–æ–¥–∏–∫ –∏ —Ç–µ—Ö–Ω–æ–ª–æ–≥–∏–π;;1;0;0;0;–û–±—Ä–∞–∑–æ–≤–∞–Ω–∏–µ
newpeople;2021-07-10;–°–æ—Ü–∏–∞–ª—å–Ω—ã–µ —Å–µ—Ç–∏;—Å–ª–µ–¥—É–µ—Ç –±–æ–ª—å—à–µ –¥–µ–Ω–µ–≥ –æ—Å—Ç–∞–≤–ª—è—Ç—å –≤ —Ä–µ–≥–∏–æ–Ω–∞—Ö –∏ –º—É–Ω–∏—Ü–∏–ø–∞–ª–∏—Ç–µ—Ç–∞—Ö;;1;0;0;0;–†–µ–≥–∏–æ–Ω–∞–ª—å–Ω–∞—è –ø–æ–ª–∏—Ç–∏–∫–∞
newpeople;2021-06-23;–°–æ—Ü–∏–∞–ª—å–Ω—ã–µ —Å–µ—Ç–∏;–º–æ–±–∏–ª—å–Ω—ã–µ –ø—Ä–∏–ª–æ–∂–µ–Ω–∏—è –≤–º–µ—Å—Ç–æ –æ–Ω–ª–∞–π–Ω-–∫–∞—Å—Å;–î–ª—è –º–∞–ª–æ–≥–æ –±–∏–∑–Ω–µ—Å–∞ –∏ —Å–∞–º–æ–∑–∞–Ω—è—Ç—ã—Ö;1;1;1;1;–¶–∏—Ñ—Ä–æ–≤–∏–∑–∞—Ü–∏—è
newpeople;2021-06-17;–°–æ—Ü–∏–∞–ª—å–Ω—ã–µ —Å–µ—Ç–∏;–¥–∞–¥–∏–º –≤–æ–∑–º–æ–∂–Ω–æ—Å—Ç—å –ª—é–¥—è–º —Å–∞–º–∏–º –≤—ã–±–∏—Ä–∞—Ç—å –º—ç—Ä–æ–≤ ;;1;1;1;0.5;–ü–æ–ª–∏—Ç–∏—á–µ—Å–∫–æ–µ —É—Å—Ç—Ä–æ–π—Å—Ç–≤–æ
newpeople;2021-06-14;–°–æ—Ü–∏–∞–ª—å–Ω—ã–µ —Å–µ—Ç–∏;—Å–ø—Ä–∞–≤–µ–¥–ª–∏–≤–æ–µ —Ä–∞—Å–ø—Ä–µ–¥–µ–ª–µ–Ω–∏–µ –¥–µ–Ω–µ–≥ –º–µ–∂–¥—É —Ä–µ–≥–∏–æ–Ω–∞–º–∏ –∏ —Ñ–µ–¥–µ—Ä–∞–ª—å–Ω—ã–º —Ü–µ–Ω—Ç—Ä–æ–º;;1;1;0;0;–†–µ–≥–∏–æ–Ω–∞–ª—å–Ω–∞—è –ø–æ–ª–∏—Ç–∏–∫–∞
ldpr;2021-09-14;–°–æ—Ü–∏–∞–ª—å–Ω—ã–µ —Å–µ—Ç–∏;—É–∂–µ—Å—Ç–æ—á–∞—Ç—å –º–∏–≥—Ä–∞—Ü–∏–æ–Ω–Ω—ã–π —Ä–µ–∂–∏–º;;1;1;0;1;–ü—Ä–∞–≤–æ–ø–æ—Ä—è–¥–æ–∫ –∏ –±–µ–∑–æ–ø–∞—Å–Ω–æ—Å—Ç—å
ldpr;2021-09-09;–°–æ—Ü–∏–∞–ª—å–Ω—ã–µ —Å–µ—Ç–∏;–Ω–∞–∫–∞–∑–∞–Ω–∏–µ –¥–ª—è –ø–µ–¥–æ—Ñ–∏–ª–æ–≤ –Ω—É–∂–Ω–æ —É–∂–µ—Å—Ç–æ—á–∞—Ç—å –º–∞–∫—Å–∏–º–∞–ª—å–Ω–æ;–ò–Ω–∏—Ü–∏–∞—Ç–∏–≤–∞ –ï–†;1;1;1;1;–ü—Ä–∞–≤–æ–ø–æ—Ä—è–¥–æ–∫ –∏ –±–µ–∑–æ–ø–∞—Å–Ω–æ—Å—Ç—å
ldpr;2021-09-01;–°–æ—Ü–∏–∞–ª—å–Ω—ã–µ —Å–µ—Ç–∏;–≤–æ–∑–º–æ–∂–Ω–æ—Å—Ç—å –≤–≤–µ–¥–µ–Ω–∏—è –¥–ª—è –æ–¥–∏–Ω–æ–∫–∏—Ö –ø–µ–Ω—Å–∏–æ–Ω–µ—Ä–æ–≤, –ø–æ—Ç–µ—Ä—è–≤—à–∏—Ö —Å—É–ø—Ä—É–≥–∞-–ø–µ–Ω—Å–∏–æ–Ω–µ—Ä–∞, –¥–æ–ø–æ–ª–Ω–∏—Ç–µ–ª—å–Ω–æ–≥–æ –µ–∂–µ–º–µ—Å—è—á–Ω–æ–≥–æ –ø–æ—Å–æ–±–∏—è –≤ —Ä–∞–∑–º–µ—Ä–µ 50% –æ—Ç —Å—É–º–º—ã –ø–µ–Ω—Å–∏–∏ —É–º–µ—Ä—à–µ–≥–æ —Å—É–ø—Ä—É–≥–∞, –≤—ã–ø–ª–∞—á–∏–≤–∞–µ–º–æ–≥–æ –≤ —Ç–µ—á–µ–Ω–∏–µ —Ç—Ä—ë—Ö –ª–µ—Ç;;1;1;1;0.5;–°–æ—Ü–∏–∞–ª—å–Ω–∞—è –ø–æ–ª–∏—Ç–∏–∫–∞
ldpr;2021-09-01;–°–æ—Ü–∏–∞–ª—å–Ω—ã–µ —Å–µ—Ç–∏;—É—Ä–∞–≤–Ω—è—Ç—å –≤ –ø—Ä–∞–≤–∞—Ö –æ—Ç—Ü–æ–≤ –∏ –º–∞—Ç–µ—Ä–µ–π –ø–æ –≤–æ–ø—Ä–æ—Å—É –æ–∫–∞–∑–∞–Ω–∏—è —Ñ–∏–Ω–∞–Ω—Å–æ–≤–æ–π –ø–æ–¥–¥–µ—Ä–∂–∫–∏;+ ¬´—Å–µ–º–µ–π–Ω—ã–π¬ª –∫–∞–ø–∏—Ç–∞–ª;1;1;1;1;–°–æ—Ü–∏–∞–ª—å–Ω–∞—è –ø–æ–ª–∏—Ç–∏–∫–∞
ldpr;2021-08-26;–°–æ—Ü–∏–∞–ª—å–Ω—ã–µ —Å–µ—Ç–∏;–ø—Ä–∏—Ä–∞–≤–Ω–∏–≤–∞–µ—Ç –ø—Ä–µ–¥–µ–ª—å–Ω—ã–π –≤–æ–∑—Ä–∞—Å—Ç, –ø—Ä–∏ –∫–æ—Ç–æ—Ä–æ–º —Å—É–¥ –º–æ–∂–µ—Ç –Ω–∞–∑–Ω–∞—á–∏—Ç—å –ø—Ä–∏–Ω—É–¥–∏—Ç–µ–ª—å–Ω—ã–µ —Ä–∞–±–æ—Ç—ã, –∫ –ø–µ–Ω—Å–∏–æ–Ω–Ω–æ–º—É ‚Äî 60 –ª–µ—Ç –¥–ª—è –∂–µ–Ω—â–∏–Ω, 65 ‚Äî –¥–ª—è –º—É–∂—á–∏–Ω;;1;1;1;1;–°–æ—Ü–∏–∞–ª—å–Ω–∞—è –ø–æ–ª–∏—Ç–∏–∫–∞
ldpr;2021-08-25;–°–æ—Ü–∏–∞–ª—å–Ω—ã–µ —Å–µ—Ç–∏;–≤—Å–µ —ç–∫–∑–∞–º–µ–Ω—ã –±—É–¥—É—Ç –æ—Ç–º–µ–Ω–µ–Ω—ã;;1;1;0;0;–û–±—Ä–∞–∑–æ–≤–∞–Ω–∏–µ
ldpr;2021-08-20;–°–æ—Ü–∏–∞–ª—å–Ω—ã–µ —Å–µ—Ç–∏;–ø—Ä–µ–¥–æ—Å—Ç–∞–≤–∏—Ç –Ω–∞–ª–æ–≥–æ–≤—ã–µ –ª—å–≥–æ—Ç—ã —Ä–∞–±–æ—Ç–æ–¥–∞—Ç–µ–ª—è–º, –ø—Ä–∏–Ω–∏–º–∞—é—â–∏–º –Ω–∞ —Ä–∞–±–æ—Ç—É —Å—Ç—É–¥–µ–Ω—Ç–æ–≤;;1;1;1;1;–¢—Ä—É–¥ –∏ –∑–∞–Ω—è—Ç–æ—Å—Ç—å
ldpr;2021-08-18;–°–æ—Ü–∏–∞–ª—å–Ω—ã–µ —Å–µ—Ç–∏;–ø–µ—Ä–µ–Ω–æ—Å –Ω–∞—á–∞–ª–∞ —É—á–µ–±–Ω–æ–≥–æ –≥–æ–¥–∞ –¥–∞—Å—Ç —Å–µ–º—å—è–º —É—á–∞—â–∏—Ö—Å—è –µ—â—ë –æ–¥–∏–Ω –º–µ—Å—è—Ü –¥–ª—è –æ—Ç–¥—ã—Ö–∞ –Ω–∞ —é–≥–µ —Ä–æ—Å—Å–∏–∏;;1;1;1;0.5;–û–±—Ä–∞–∑–æ–≤–∞–Ω–∏–µ
ldpr;2021-08-13;–°–æ—Ü–∏–∞–ª—å–Ω—ã–µ —Å–µ—Ç–∏;–¥–ª—è —Ç–µ—Ö, –∫—Ç–æ –±–µ—Å–ø–ª–∞—Ç–Ω–æ —É—á–∏—Ç—Å—è –≤ –º–µ–¥–∏—Ü–∏–Ω—Å–∫–∏—Ö –∏ –ø–µ–¥–∞–≥–æ–≥–∏—á–µ—Å–∫–∏—Ö –≤—É–∑–∞—Ö –∏–ª–∏ –ø–æ–ª—É—á–∞–µ—Ç –¥—Ä—É–≥—É—é –ø—Ä–æ—Ñ–µ—Å—Å–∏—é —Å–æ—Ü–∏–∞–ª—å–Ω–æ–π —Å—Ñ–µ—Ä—ã –∏ –∏–º–µ–µ—Ç –ª—å–≥–æ—Ç—ã –ø—Ä–∏ –ø–æ—Å—Ç—É–ø–ª–µ–Ω–∏–∏, —Ü–µ–ª–µ—Å–æ–æ–±—Ä–∞–∑–Ω–æ –ø—Ä–∏–º–µ–Ω—è—Ç—å –æ–±—è–∑–∞—Ç–µ–ª—å–Ω—É—é —Å–∏—Å—Ç–µ–º—É —Ä–∞—Å–ø—Ä–µ–¥–µ–ª–µ–Ω–∏—è, —Å—Ç–∏–º—É–ª–∏—Ä—É—è –∏—Ö —Ä–µ—à–µ–Ω–∏–µ–º —Å–æ—Ü–∏–∞–ª—å–Ω–æ-–±—ã—Ç–æ–≤—ã—Ö –≤–æ–ø—Ä–æ—Å–æ–≤;;1;1;1;0.5;–¢—Ä—É–¥ –∏ –∑–∞–Ω—è—Ç–æ—Å—Ç—å
ldpr;2021-08-13;–°–æ—Ü–∏–∞–ª—å–Ω—ã–µ —Å–µ—Ç–∏;–±–µ—Å–ø—Ä–æ—Ü–µ–Ω—Ç–Ω—ã–µ –∫—Ä–µ–¥–∏—Ç—ã –≥—Ä–∞–∂–¥–∞–Ω–∞–º —Ä–æ—Å—Å–∏–∏;;1;1;1;0;–≠–∫–æ–Ω–æ–º–∏–∫–∞ –∏ –∏–Ω—Ñ—Ä–∞—Å—Ç—Ä—É–∫—Ç—É—Ä–∞
ldpr;2021-08-12;–°–æ—Ü–∏–∞–ª—å–Ω—ã–µ —Å–µ—Ç–∏;–≤–æ–¥–∏—Ç–µ–ª—è–º, —Å–æ–≤–µ—Ä—à–∏–≤—à–∏–º –∑–∞ –≥–æ–¥ –Ω–µ –±–æ–ª–µ–µ —Ç—Ä–µ—Ö –º–µ–ª–∫–∏—Ö –Ω–∞—Ä—É—à–µ–Ω–∏–π –ø–¥–¥, –Ω—É–∂–Ω–æ –ø—Ä–µ–¥–æ—Å—Ç–∞–≤–∏—Ç—å —Å–∫–∏–¥–∫—É 50% –Ω–∞ —Ç—Ä–∞–Ω—Å–ø–æ—Ä—Ç–Ω—ã–π –Ω–∞–ª–æ–≥;;1;1;1;0.5;–≠–∫–æ–Ω–æ–º–∏–∫–∞ –∏ –∏–Ω—Ñ—Ä–∞—Å—Ç—Ä—É–∫—Ç—É—Ä–∞
ldpr;2021-08-09;–°–æ—Ü–∏–∞–ª—å–Ω—ã–µ —Å–µ—Ç–∏;—Ñ–µ—Ä–º–µ—Ä–∞–º –∑–∞–±–∞–π–∫–∞–ª—å—è –Ω—É–∂–Ω–∞ —Å–ø–µ—Ü–∏–∞–ª—å–Ω–∞—è –ª—å–≥–æ—Ç–Ω–∞—è –≥–æ—Å—É–¥–∞—Ä—Å—Ç–≤–µ–Ω–Ω–∞—è –ø—Ä–æ–≥—Ä–∞–º–º–∞;;1;1;0;1;–†–µ–≥–∏–æ–Ω–∞–ª—å–Ω–∞—è –ø–æ–ª–∏—Ç–∏–∫–∞
ldpr;2021-08-03;–°–æ—Ü–∏–∞–ª—å–Ω—ã–µ —Å–µ—Ç–∏;–≤–≤–µ–¥–µ–Ω–∏–∏ –ø—Ä–æ–¥—É–∫—Ç–æ–≤—ã—Ö —Å–µ—Ä—Ç–∏—Ñ–∏–∫–∞—Ç–æ–≤;;1;1;1;0.5;–°–æ—Ü–∏–∞–ª—å–Ω–∞—è –ø–æ–ª–∏—Ç–∏–∫–∞
ldpr;2021-08-02;–°–æ—Ü–∏–∞–ª—å–Ω—ã–µ —Å–µ—Ç–∏;—Å–ø–∏—Å–∞—Ç—å –¥–æ–ª–≥–∏ –ø–æ –∂–∫—Ö –Ω–µ–∑–∞—â–∏—â–µ–Ω–Ω—ã–º –∫–∞—Ç–µ–≥–æ—Ä–∏—è–º –≥—Ä–∞–∂–¥–∞–Ω ‚Äî –ø–µ–Ω—Å–∏–æ–Ω–µ—Ä–∞–º, —Ä–æ–¥–∏—Ç–µ–ª—è–º-–æ–¥–∏–Ω–æ—á–∫–∞–º, —Å–∏—Ä–æ—Ç–∞–º –∏ –º–∞–ª–æ–æ–±–µ—Å–ø–µ—á–µ–Ω–Ω—ã–º —Å–µ–º—å—è–º;;1;1;1;0.5;–°–æ—Ü–∏–∞–ª—å–Ω–∞—è –ø–æ–ª–∏—Ç–∏–∫–∞
ldpr;2021-07-27;–°–æ—Ü–∏–∞–ª—å–Ω—ã–µ —Å–µ—Ç–∏;–æ –ø—Ä–∏–æ—Ä–∏—Ç–µ—Ç–Ω–æ–º –æ–±—É—á–µ–Ω–∏–∏ –≤ —à–∫–æ–ª–∞—Ö —Ä–æ—Å—Å–∏–π—Å–∫–∏—Ö –¥–µ—Ç–µ–π;;1;1;1;0.5;–û–±—Ä–∞–∑–æ–≤–∞–Ω–∏–µ
ldpr;2021-07-23;–°–æ—Ü–∏–∞–ª—å–Ω—ã–µ —Å–µ—Ç–∏;–ø–æ–¥–Ω—è—Ç—å –ø–æ—Å–æ–±–∏–µ —É—Ö–∞–∂–∏–≤–∞—é—â–∏–º –∑–∞ –∏–Ω–≤–∞–ª–∏–¥–∞–º–∏ —Å 1200 ‚ÇΩ –¥–æ —É—Ä–æ–≤–Ω—è –º—Ä–æ—Ç ‚Äî 12 792 ‚ÇΩ –∏–ª–∏ –≤—ã—à–µ;;1;1;1;0.5;–°–æ—Ü–∏–∞–ª—å–Ω–∞—è –ø–æ–ª–∏—Ç–∏–∫–∞
ldpr;2021-07-11;–°–æ—Ü–∏–∞–ª—å–Ω—ã–µ —Å–µ—Ç–∏;—Ñ–æ—Ä–º–∞—Ç –µ–≥—ç –Ω–µ–æ–±—Ö–æ–¥–∏–º–æ —Å–º–µ–Ω–∏—Ç—å;;1;1;0;0.5;–û–±—Ä–∞–∑–æ–≤–∞–Ω–∏–µ
ldpr;2021-07-08;–°–æ—Ü–∏–∞–ª—å–Ω—ã–µ —Å–µ—Ç–∏;–ø–æ–≤—ã—Å–∏—Ç—å —Å 3 –¥–æ 4 –º–ª–Ω ‚ÇΩ –ø–æ—Ä–æ–≥ —Ü–µ–Ω—ã –∞–≤—Ç–æ–º–æ–±–∏–ª–µ–π, –æ–±–ª–∞–≥–∞—é—â–∏—Ö—Å—è –Ω–∞–ª–æ–≥–æ–º –Ω–∞ —Ä–æ—Å–∫–æ—à—å;;1;1;1;1;–≠–∫–æ–Ω–æ–º–∏–∫–∞ –∏ –∏–Ω—Ñ—Ä–∞—Å—Ç—Ä—É–∫—Ç—É—Ä–∞
ldpr;2021-07-07;–°–æ—Ü–∏–∞–ª—å–Ω—ã–µ —Å–µ—Ç–∏;–≤—Å–µ –¥–æ–ª–∂–Ω—ã –∏–º–µ—Ç—å —Å–≤–æ—ë –∂–∏–ª—å–µ;;1;0;0;0;–°–æ—Ü–∏–∞–ª—å–Ω–∞—è –ø–æ–ª–∏—Ç–∏–∫–∞
ldpr;2021-07-07;–°–æ—Ü–∏–∞–ª—å–Ω—ã–µ —Å–µ—Ç–∏;–≤–≤–µ–¥–µ–Ω–∏–µ —Å–µ—Ä—Ç–∏—Ñ–∏–∫–∞—Ç–æ–≤ –Ω–∞ –∂–∏–∑–Ω–µ–Ω–Ω–æ –≤–∞–∂–Ω—ã–µ –ø—Ä–µ–ø–∞—Ä–∞—Ç—ã;;1;1;1;1;–ó–¥—Ä–∞–≤–æ–æ—Ö—Ä–∞–Ω–µ–Ω–∏–µ
ldpr;2021-06-16;–°–æ—Ü–∏–∞–ª—å–Ω—ã–µ —Å–µ—Ç–∏;—Å–Ω–∞—á–∞–ª–∞ –ø–æ–≤—ã—Å–∏—Ç—å –º—Ä–æ—Ç, —á—Ç–æ–±—ã –≤ –ø–µ—Ä–≤—É—é –æ—á–µ—Ä–µ–¥—å —Å—Ä–µ–¥—Å—Ç–≤–∞ —à–ª–∏ —Å–∞–º—ã–º –Ω—É–∂–¥–∞—é—â–∏–º—Å—è. –Ω—É–∂–Ω–æ –ø–æ—Å—Ç–µ–ø–µ–Ω–Ω–æ –ø–æ–≤—ã—à–∞—Ç—å –º—Ä–æ—Ç –¥–æ 20 —Ç—ã—Å., –ø–æ—Ç–æ–º 25 —Ç—ã—Å., –∏ –∫ 2030 —Å–¥–µ–ª–∞–µ–º –º—Ä–æ—Ç 30 —Ç—ã—Å. —Ä—É–±–ª–µ–π;–ü–æ–¥–¥–µ—Ä–∂–∞–ª–∏ + –≤—ã–¥–≤–∏–Ω—É–ª–∏ –µ—â–µ;1;1;1;1;–≠–∫–æ–Ω–æ–º–∏–∫–∞ –∏ –∏–Ω—Ñ—Ä–∞—Å—Ç—Ä—É–∫—Ç—É—Ä–∞
ldpr;2021-06-08;–°–æ—Ü–∏–∞–ª—å–Ω—ã–µ —Å–µ—Ç–∏;–Ω–µ—Ä–∞–±–æ—Ç–∞—é—â–∏–µ –ø–µ–Ω—Å–∏–æ–Ω–µ—Ä—ã –∫—Ä–∞–π–Ω–µ–≥–æ —Å–µ–≤–µ—Ä–∞ –≤–ø—Ä–∞–≤–µ –ø–æ–ª—É—á–∏—Ç—å –∫–æ–º–ø–µ–Ω—Å–∞—Ü–∏—é —Ä–∞—Å—Ö–æ–¥–æ–≤, –∑–∞—Ç—Ä–∞—á–µ–Ω–Ω—ã—Ö –Ω–∞ –ø—Ä–æ–µ–∑–¥ –∫ –º–µ—Å—Ç—É –æ—Ç–¥—ã—Ö–∞ –≤ –æ–±–µ —Å—Ç–æ—Ä–æ–Ω—ã. –ø—É—Ç–µ—à–µ—Å—Ç–≤–æ–≤–∞—Ç—å –ø–µ–Ω—Å–∏–æ–Ω–µ—Ä—ã —Å–º–æ–≥—É—Ç –Ω–∞ –ª—é–±–æ–º —Ç—Ä–∞–Ω—Å–ø–æ—Ä—Ç–µ, –≤ —Ç–æ–º —á–∏—Å–ª–µ –∏ –Ω–∞ –ª–∏—á–Ω–æ–º;;1;1;1;1;–°–æ—Ü–∏–∞–ª—å–Ω–∞—è –ø–æ–ª–∏—Ç–∏–∫–∞
ldpr;2021-06-04;–°–æ—Ü–∏–∞–ª—å–Ω—ã–µ —Å–µ—Ç–∏;–æ—Ç–º–µ–Ω–∏—Ç—å —Å–∏—Å—Ç–µ–º—É –æ—Ü–µ–Ω–æ–∫, –∫–æ—Ç–æ—Ä—ã–µ –≤–æ—Å–ø—Ä–∏–Ω–∏–º–∞—é—Ç—Å—è —à–∫–æ–ª—å–Ω–∏–∫–æ–º –∫–∞–∫ –æ—Ü–µ–Ω–∫–∞ –µ–≥–æ –ª–∏—á–Ω–æ—Å—Ç–∏ ‚Äî —Ö–æ—Ä–æ—à–∏–π —è –∏–ª–∏ –ø–ª–æ—Ö–æ–π;;1;0;0;0;–û–±—Ä–∞–∑–æ–≤–∞–Ω–∏–µ
ldpr;2021-06-02;–°–æ—Ü–∏–∞–ª—å–Ω—ã–µ —Å–µ—Ç–∏;—É—Å—Ç–∞–Ω–æ–≤–∏—Ç—å, —á—Ç–æ –ø–µ—Ä–µ–≤–æ–∑–∫–∞ –ø–∞—Å—Å–∞–∂–∏—Ä–æ–≤ –≤ –≤–æ–∑—Ä–∞—Å—Ç–µ –æ—Ç 7 –¥–æ 16 –ª–µ—Ç –æ—Å—É—â–µ—Å—Ç–≤–ª—è–µ—Ç—Å—è –ø–æ –±–µ—Å–ø–ª–∞—Ç–Ω–æ–º—É –µ–¥–∏–Ω–æ–º—É –ø—Ä–æ–µ–∑–¥–Ω–æ–º—É;;1;1;1;0.5;–°–æ—Ü–∏–∞–ª—å–Ω–∞—è –ø–æ–ª–∏—Ç–∏–∫–∞
kprf;2021-09-16;–°–æ—Ü–∏–∞–ª—å–Ω—ã–µ —Å–µ—Ç–∏;–º—ã –≤–Ω–æ–≤—å –ø—Ä–µ–¥–ª–∞–≥–∞–µ–º –≤–æ–∑–æ–±–Ω–æ–≤–∏—Ç—å –∏–Ω–¥–µ–∫—Å–∞—Ü–∏—é –ø–µ–Ω—Å–∏–π —Ä–∞–±–æ—Ç–∞—é—â–∏–º –ø–µ–Ω—Å–∏–æ–Ω–µ—Ä–∞–º- –º—ã –≤—ã—Å—Ç—É–ø–∞–µ–º –∑–∞ —É—Å—Ç–∞–Ω–æ–≤–ª–µ–Ω–∏–µ –≤–æ–∑—Ä–∞—Å—Ç–∞, –¥–∞—é—â–µ–≥–æ –ø—Ä–∞–≤–æ –Ω–∞ –Ω–∞–∑–Ω–∞—á–µ–Ω–∏–µ —Å—Ç—Ä–∞—Ö–æ–≤–æ–π –ø–µ–Ω—Å–∏–∏ –ø–æ —Å—Ç–∞—Ä–æ—Å—Ç–∏, 60 –∏ 55 –ª–µ—Ç;–ì–û–°–î–£–ú–ê –ü–†–ò–ù–Ø–õ–ê –ó–ê–ö–û–ù –û–ë –ò–ù–î–ï–ö–°–ê–¶–ò–ò –ü–ï–ù–°–ò–ô –†–ê–ë–û–¢–ê–Æ–©–ò–ú –ü–ï–ù–°–ò–û–ù–ï–†–ê–ú –ü–û –°–•–ï–ú–ï ¬´–ï–î–ò–ù–û–ô –†–û–°–°–ò–ò¬ª, –ê –ù–ï –ö–ü–†–§;1;1;1;0.5;–°–æ—Ü–∏–∞–ª—å–Ω–∞—è –ø–æ–ª–∏—Ç–∏–∫–∞
kprf;2021-09-16;–°–æ—Ü–∏–∞–ª—å–Ω—ã–µ —Å–µ—Ç–∏; –µ–≥—ç –¥–æ–ª–∂–µ–Ω —Å—Ç–∞—Ç—å –¥–æ–±—Ä–æ–≤–æ–ª—å–Ω—ã–º –≤—ã–±–æ—Ä–æ–º –ø—Ä–∏ –ø—Ä–æ—Ö–æ–∂–¥–µ–Ω–∏–∏ –∏—Ç–æ–≥–æ–≤–æ–π –≥–æ—Å—É–¥–∞—Ä—Å—Ç–≤–µ–Ω–Ω–æ–π –∞—Ç—Ç–µ—Å—Ç–∞—Ü–∏–∏ –ø–æ –æ–∫–æ–Ω—á–∞–Ω–∏—é —à–∫–æ–ª—ã;;1;1;1;0.5;–û–±—Ä–∞–∑–æ–≤–∞–Ω–∏–µ
kprf;2021-09-16;–°–æ—Ü–∏–∞–ª—å–Ω—ã–µ —Å–µ—Ç–∏;–ø—Ä–µ–¥–ª–∞–≥–∞–µ–º —Å–æ–∑–¥–∞–Ω–∏–µ –µ–¥–∏–Ω–æ–≥–æ —Ä–µ–µ—Å—Ç—Ä–∞ –∏ –∫–æ–º–ø–ª–µ–∫—Å –º–µ—Ä –ø–æ–¥–¥–µ—Ä–∂–∫–∏ –º–Ω–æ–≥–æ–¥–µ—Ç–Ω—ã—Ö —Å–µ–º–µ–π;;1;1;1;0.5;–°–æ—Ü–∏–∞–ª—å–Ω–∞—è –ø–æ–ª–∏—Ç–∏–∫–∞
kprf;2021-09-16;–°–æ—Ü–∏–∞–ª—å–Ω—ã–µ —Å–µ—Ç–∏;–∏—Å–∫–ª—é—á–∏—Ç—å –∏–∑ –∑–∞–∫–æ–Ω–∞ ¬´–æ–± –æ–±—Ä–∞–∑–æ–≤–∞–Ω–∏–∏¬ª –ø–æ–Ω—è—Ç–∏–µ ¬´–æ–±—Ä–∞–∑–æ–≤–∞—Ç–µ–ª—å–Ω—ã–µ —É—Å–ª—É–≥–∏¬ª. –æ–±—Ä–∞–∑–æ–≤–∞–Ω–∏–µ - –Ω–µ —É—Å–ª—É–≥–∞, –∞ –ø—Ä–∞–≤–æ –∫–∞–∂–¥–æ–≥–æ –≥—Ä–∞–∂–¥–∞–Ω–∏–Ω–∞, –∏ –æ–Ω–æ –¥–æ–ª–∂–Ω–æ –±—ã—Ç—å –æ–±—â–µ–¥–æ—Å—Ç—É–ø–Ω—ã–º –∏ –±–µ—Å–ø–ª–∞—Ç–Ω—ã–º;;1;1;1;0;–û–±—Ä–∞–∑–æ–≤–∞–Ω–∏–µ
kprf;2021-09-09;–°–æ—Ü–∏–∞–ª—å–Ω—ã–µ —Å–µ—Ç–∏;–∞–∫—Ç–∏–≤–Ω–æ –ø–æ–¥–¥–µ—Ä–∂–∏—Ç —Ä–µ–∞–ª—å–Ω—ã–π —Å–µ–∫—Ç–æ—Ä —ç–∫–æ–Ω–æ–º–∏–∫–∏;;1;0;0;0;–≠–∫–æ–Ω–æ–º–∏–∫–∞ –∏ –∏–Ω—Ñ—Ä–∞—Å—Ç—Ä—É–∫—Ç—É—Ä–∞
kprf;2021-09-09;–°–æ—Ü–∏–∞–ª—å–Ω—ã–µ —Å–µ—Ç–∏;–ª–∏–∫–≤–∏–¥–∏—Ä—É–µ—Ç —Ä–∞—Å—Ç—É—â—É—é –±–µ–∑—Ä–∞–±–æ—Ç–∏—Ü—É;;1;1;0;0.5;–≠–∫–æ–Ω–æ–º–∏–∫–∞ –∏ –∏–Ω—Ñ—Ä–∞—Å—Ç—Ä—É–∫—Ç—É—Ä–∞
kprf;2021-09-09;–°–æ—Ü–∏–∞–ª—å–Ω—ã–µ —Å–µ—Ç–∏;–ø–æ–¥–¥–µ—Ä–∂–∏—Ç ¬´–¥–µ—Ç–µ–π –≤–æ–π–Ω—ã¬ª;–∑–∞ –ø—Ä–∞–≤–æ —Å—Ç–∞—Ä—à–µ–≥–æ –ø–æ–∫–æ–ª–µ–Ω–∏—è –Ω–∞ —Å–ø–µ—Ü–∏–∞–ª—å–Ω—ã–π —Å—Ç–∞—Ç—É—Å –∏ –Ω–∞–¥–µ–∂–Ω–æ–µ –º–µ–¥–∏—Ü–∏–Ω—Å–∫–æ–µ –æ–±–µ—Å–ø–µ—á–µ–Ω–∏–µ, –Ω–∞ –ø–æ–ª—É—á–µ–Ω–∏–µ –¥–æ–ø–æ–ª–Ω–∏—Ç–µ–ª—å–Ω—ã—Ö –≤—ã–ø–ª–∞—Ç –∏ —Ç—Ä–∞–Ω—Å–ø–æ—Ä—Ç–Ω—ã—Ö –ª—å–≥–æ—Ç.;1;1;1;0.5;–°–æ—Ü–∏–∞–ª—å–Ω–∞—è –ø–æ–ª–∏—Ç–∏–∫–∞
kprf;2021-09-09;–°–æ—Ü–∏–∞–ª—å–Ω—ã–µ —Å–µ—Ç–∏;–¥–∞—Å—Ç —ç–∫–æ–Ω–æ–º–∏–∫–µ –¥–æ—Å—Ç—É–ø–Ω—ã–µ –≥–æ—Å–∫—Ä–µ–¥–∏—Ç—ã;;1;1;0;0;–≠–∫–æ–Ω–æ–º–∏–∫–∞ –∏ –∏–Ω—Ñ—Ä–∞—Å—Ç—Ä—É–∫—Ç—É—Ä–∞
kprf;2021-09-07;–°–æ—Ü–∏–∞–ª—å–Ω—ã–µ —Å–µ—Ç–∏;–≤–≤–µ–¥–µ–Ω–∏–µ –≤—ã–±–æ—Ä–Ω–æ—Å—Ç–∏ —Å—É–¥–µ–π –≥—Ä–∞–∂–¥–∞–Ω–∞–º–∏ —Å—Ç—Ä–∞–Ω—ã;;1;1;1;0;–ü—Ä–∞–≤–æ–ø–æ—Ä—è–¥–æ–∫ –∏ –±–µ–∑–æ–ø–∞—Å–Ω–æ—Å—Ç—å
kprf;2021-08-30;–°–æ—Ü–∏–∞–ª—å–Ω—ã–µ —Å–µ—Ç–∏;–ø–æ–≤—ã—Å–∏—Ç—å –∑–∞—Ä–∞–±–æ—Ç–Ω—É—é –ø–ª–∞—Ç—É –ø–µ–¥–∞–≥–æ–≥–∏—á–µ—Å–∫–∏—Ö —Ä–∞–±–æ—Ç–Ω–∏–∫–æ–≤;;1;1;1;0.5;–û–±—Ä–∞–∑–æ–≤–∞–Ω–∏–µ
kprf;2021-07-01;–°–æ—Ü–∏–∞–ª—å–Ω—ã–µ —Å–µ—Ç–∏;—É–≤–µ–ª–∏—á–∏–º –ø—Ä–æ–∂–∏—Ç–æ—á–Ω—ã–π –º–∏–Ω–∏–º—É–º –∏ –º–∏–Ω–∏–º–∞–ª—å–Ω—ã–π —Ä–∞–∑–º–µ—Ä –æ–ø–ª–∞—Ç—ã —Ç—Ä—É–¥–∞ –¥–æ 25 —Ç—ã—Å—è—á —Ä—É–±–ª–µ–π –≤ –º–µ—Å—è—Ü;;1;1;1;0.5;–≠–∫–æ–Ω–æ–º–∏–∫–∞ –∏ –∏–Ω—Ñ—Ä–∞—Å—Ç—Ä—É–∫—Ç—É—Ä–∞
kprf;2021-07-01;–°–æ—Ü–∏–∞–ª—å–Ω—ã–µ —Å–µ—Ç–∏;–æ–±–µ—Å–ø–µ—á–∏–º –±–µ—Å–ø–ª–∞—Ç–Ω–æ—Å—Ç—å –∏ –≤—ã—Å–æ–∫–æ–µ –∫–∞—á–µ—Å—Ç–≤–æ –æ–±—Ä–∞–∑–æ–≤–∞–Ω–∏—è;;1;1;0;0;–û–±—Ä–∞–∑–æ–≤–∞–Ω–∏–µ
kprf;2021-07-01;–°–æ—Ü–∏–∞–ª—å–Ω—ã–µ —Å–µ—Ç–∏;–æ–±–µ—Å–ø–µ—á–∏–º –±–µ—Å–ø–ª–∞—Ç–Ω–æ—Å—Ç—å –∏ –≤—ã—Å–æ–∫–æ–µ –∫–∞—á–µ—Å—Ç–≤–æ –º–µ–¥–∏—Ü–∏–Ω—ã;;1;1;0;0.5;–ó–¥—Ä–∞–≤–æ–æ—Ö—Ä–∞–Ω–µ–Ω–∏–µ
kprf;2021-07-01;–°–æ—Ü–∏–∞–ª—å–Ω—ã–µ —Å–µ—Ç–∏;–æ—Ç—Ä–µ–≥—É–ª–∏—Ä—É–µ–º —Ü–µ–Ω—ã –Ω–∞ –ª–µ–∫–∞—Ä—Å—Ç–≤–∞;;1;1;0;1;–ó–¥—Ä–∞–≤–æ–æ—Ö—Ä–∞–Ω–µ–Ω–∏–µ
kprf;2021-07-01;–°–æ—Ü–∏–∞–ª—å–Ω—ã–µ —Å–µ—Ç–∏;–æ–≥—Ä–∞–Ω–∏—á–∏–º –ø–ª–∞—Ç—É –∑–∞ –∂–∫—Ö 10 –ø—Ä–æ—Ü–µ–Ω—Ç–∞–º–∏ –¥–æ—Ö–æ–¥–∞ —Å–µ–º—å–∏;;1;1;1;0;–≠–∫–æ–Ω–æ–º–∏–∫–∞ –∏ –∏–Ω—Ñ—Ä–∞—Å—Ç—Ä—É–∫—Ç—É—Ä–∞
kprf;2021-07-01;–°–æ—Ü–∏–∞–ª—å–Ω—ã–µ —Å–µ—Ç–∏;–≥–∞—Ä–∞–Ω—Ç–∏—Ä—É–µ–º –≥—Ä–∞–∂–¥–∞–Ω–∞–º —Ç—Ä—É–¥–æ—É—Å—Ç—Ä–æ–π—Å—Ç–≤–æ –ø–æ —Å–ø–µ—Ü–∏–∞–ª—å–Ω–æ—Å—Ç–∏, –≤–æ—Å—å–º–∏—á–∞—Å–æ–≤–æ–π —Ä–∞–±–æ—á–∏–π –¥–µ–Ω—å –∏ –ø–æ–ª–Ω–æ—Ü–µ–Ω–Ω—ã–π –æ—Ç–ø—É—Å–∫.;–ù–æ–≤—ã–π –ø—Ä–æ–µ–∫—Ç –¢—Ä—É–¥–æ–≤–æ–≥–æ –∫–æ–¥–µ–∫—Å–∞, –ø–æ–¥–≥–æ—Ç–æ–≤–ª–µ–Ω–Ω—ã–π —Ñ—Ä–∞–∫—Ü–∏–µ–π –ö–ü–†–§;1;1;1;0.5;–¢—Ä—É–¥ –∏ –∑–∞–Ω—è—Ç–æ—Å—Ç—å
kprf;2021-07-01;–°–æ—Ü–∏–∞–ª—å–Ω—ã–µ —Å–µ—Ç–∏;–æ—Ç–º–µ–Ω–∏–º –ø–µ–Ω—Å–∏–æ–Ω–Ω—É—é —Ä–µ—Ñ–æ—Ä–º—É. –≤–æ—Å—Å—Ç–∞–Ω–æ–≤–∏–º —Ä–∞–∑—É–º–Ω—ã–π –∏ —Å–ø—Ä–∞–≤–µ–¥–ª–∏–≤—ã–π –ø–æ—Ä—è–¥–æ–∫ –≤—ã—Ö–æ–¥–∞ –Ω–∞ –ø–µ–Ω—Å–∏—é;;1;1;0;0.5;–°–æ—Ü–∏–∞–ª—å–Ω–∞—è –ø–æ–ª–∏—Ç–∏–∫–∞
kprf;2021-07-01;–°–æ—Ü–∏–∞–ª—å–Ω—ã–µ —Å–µ—Ç–∏;–≤–µ—Ä–Ω—ë–º –¥–µ—Ç—è–º –∏ –∂–µ–Ω—â–∏–Ω–∞–º –æ—Ç–æ–±—Ä–∞–Ω–Ω—ã–µ —É –Ω–∏—Ö –≥–∞—Ä–∞–Ω—Ç–∏–∏ –∏ –ª—å–≥–æ—Ç—ã;;1;1;0;0;–°–æ—Ü–∏–∞–ª—å–Ω–∞—è –ø–æ–ª–∏—Ç–∏–∫–∞
kprf;2021-07-01;–°–æ—Ü–∏–∞–ª—å–Ω—ã–µ —Å–µ—Ç–∏;–≤–æ–∑–≤—Ä–∞—Ç–∏–º –≤ —Å–æ–±—Å—Ç–≤–µ–Ω–Ω–æ—Å—Ç—å –Ω–∞—Ä–æ–¥–∞ –æ—Ç–Ω—è—Ç—ã–µ –æ–ª–∏–≥–∞—Ä—Ö–∏–µ–π –ø—Ä–∏—Ä–æ–¥–Ω—ã–µ —Ä–µ—Å—É—Ä—Å—ã –∏ —Å—Ç—Ä–∞—Ç–µ–≥–∏—á–µ—Å–∫–∏–µ –æ—Ç—Ä–∞—Å–ª–∏;;1;1;0;0;–≠–∫–æ–Ω–æ–º–∏–∫–∞ –∏ –∏–Ω—Ñ—Ä–∞—Å—Ç—Ä—É–∫—Ç—É—Ä–∞
kprf;2021-06-13;–°–æ—Ü–∏–∞–ª—å–Ω—ã–µ —Å–µ—Ç–∏;–∑–∞—è–≤–∏–ª –æ –Ω–µ–æ–±—Ö–æ–¥–∏–º–æ—Å—Ç–∏ –∫–æ–Ω—Ç—Ä–æ–ª—è —Å–æ —Å—Ç–æ—Ä–æ–Ω—ã –≥–æ—Å—É–¥–∞—Ä—Å—Ç–≤–∞ –∑–∞ –∫–ª—é—á–µ–≤—ã–º–∏ –æ—Ç—Ä–∞—Å–ª—è–º–∏ —ç–∫–æ–Ω–æ–º–∏–∫–∏ –∏ —Ü–µ–Ω–æ–æ–±—Ä–∞–∑–æ–≤–∞–Ω–∏–µ–º;;1;1;0;0;–≠–∫–æ–Ω–æ–º–∏–∫–∞ –∏ –∏–Ω—Ñ—Ä–∞—Å—Ç—Ä—É–∫—Ç—É—Ä–∞
kprf;2021-06-13;–°–æ—Ü–∏–∞–ª—å–Ω—ã–µ —Å–µ—Ç–∏;–≤–≤–µ–¥–µ–Ω–∏—è –ø—Ä–æ–≥—Ä–µ—Å—Å–∏–≤–Ω–æ–π —à–∫–∞–ª—ã –Ω–∞–ª–æ–≥–æ–æ–±–ª–æ–∂–µ–Ω–∏—è;;1;1;1;0.5;–≠–∫–æ–Ω–æ–º–∏–∫–∞ –∏ –∏–Ω—Ñ—Ä–∞—Å—Ç—Ä—É–∫—Ç—É—Ä–∞
kprf;2021-06-13;–°–æ—Ü–∏–∞–ª—å–Ω—ã–µ —Å–µ—Ç–∏;–º–æ–Ω–æ–ø–æ–ª–∏–∏ –Ω–∞ —Å–ø–∏—Ä—Ç–æ-–≤–æ–¥–æ—á–Ω—É—é –ø—Ä–æ–º—ã—à–ª–µ–Ω–Ω–æ—Å—Ç—å;;1;1;1;0.5;–≠–∫–æ–Ω–æ–º–∏–∫–∞ –∏ –∏–Ω—Ñ—Ä–∞—Å—Ç—Ä—É–∫—Ç—É—Ä–∞
kprf;2021-06-02;–°–æ—Ü–∏–∞–ª—å–Ω—ã–µ —Å–µ—Ç–∏;–≤—ã—Ç–∞—â–∏—Ç—å –ª—é–¥–µ–π –∏–∑ –Ω–∏—â–µ—Ç—ã;;1;0;0;0;–°–æ—Ü–∏–∞–ª—å–Ω–∞—è –ø–æ–ª–∏—Ç–∏–∫–∞
kprf;2021-06-02;–°–æ—Ü–∏–∞–ª—å–Ω—ã–µ —Å–µ—Ç–∏;–¥–∞—Ç—å –≤—Å–µ–º —Ä–∞–±–æ—Ç—É;;1;0;0;0;–¢—Ä—É–¥ –∏ –∑–∞–Ω—è—Ç–æ—Å—Ç—å
kprf;2021-06-02;–°–æ—Ü–∏–∞–ª—å–Ω—ã–µ —Å–µ—Ç–∏;–∫–∞–∂–¥–æ–π —Å–µ–º—å–µ ‚Äì –∂–∏–ª—å–µ;;1;0;0;0;–°–æ—Ü–∏–∞–ª—å–Ω–∞—è –ø–æ–ª–∏—Ç–∏–∫–∞
kprf;2021-06-02;–°–æ—Ü–∏–∞–ª—å–Ω—ã–µ —Å–µ—Ç–∏;–≤–æ—Å—Å—Ç–∞–Ω–æ–≤–∏—Ç—å –≤ –ø–æ–ª–Ω–æ–º –æ–±—ä–µ–º–µ —Å–µ—Ç—å –¥–µ—Ç—Å–∫–∏—Ö —Å–∞–¥–æ–≤, —à–∫–æ–ª, –ø–æ–ª–∏–∫–ª–∏–Ω–∏–∫;;1;0;0;0;–°–æ—Ü–∏–∞–ª—å–Ω–∞—è –ø–æ–ª–∏—Ç–∏–∫–∞
–ï–†;2021-09-17;–°–æ—Ü–∏–∞–ª—å–Ω—ã–µ —Å–µ—Ç–∏;—Ä–∞–∑—Ä–∞–±–æ—Ç–∞—Ç—å –ø—Ä–æ–≥—Ä–∞–º–º—É –ø–æ–¥–¥–µ—Ä–∂–∫–∏ –≤—Ä–∞—á–µ–π, –ø—Ä–æ—Ä–∞–±–æ—Ç–∞–≤—à–∏—Ö –Ω–∞ —Å–µ–ª–µ –±–æ–ª—å—à–µ –ø—è—Ç–∏ –ª–µ—Ç;–î–∞—é—Ç –∑–µ–º–µ–ª—å–Ω—ã–µ —É—á–∞—Å—Ç–∫–∏;1;1;0;1;–†–∞–∑–≤–∏—Ç–∏–µ —Å–µ–ª–∞
–ï–†;2021-09-15;–°–æ—Ü–∏–∞–ª—å–Ω—ã–µ —Å–µ—Ç–∏;–º–µ—Ä—ã –ø–æ–¥–¥–µ—Ä–∂–∫–∏ –≤ —Å–µ–º—å—è—Ö —Å –¥–µ—Ç—å–º–∏ –¥–æ–ª–∂–Ω—ã –ø–æ–ª—É—á–∞—Ç—å –æ–±–∞ —Ä–æ–¥–∏—Ç–µ–ª—è;"–ë–µ—Å–ø–ª–∞—Ç–Ω—ã–π –ø—Ä–æ–µ–∑–¥ –Ω–∞ –æ–±—â —Ç—Ä–∞–Ω—Å–ø–æ—Ä—Ç–µ –¥–ª—è –¥–≤–æ–∏—Ö —Ä–æ–¥–∏—Ç–µ–ª–µ–π; –¢–æ–ª—å–∫–æ –≤ –ú–æ—Å–∫–≤–µ –≤–≤–µ–ª–∏";1;1;1;0.5;–°–æ—Ü–∏–∞–ª—å–Ω–∞—è –ø–æ–ª–∏—Ç–∏–∫–∞
–ï–†;2021-09-10;–°–æ—Ü–∏–∞–ª—å–Ω—ã–µ —Å–µ—Ç–∏;—Å–æ—Ö—Ä–∞–Ω–∏—Ç—å –æ—Ç—Å—Ä–æ—á–∫—É –æ—Ç –∞—Ä–º–∏–∏ —Å—Ç—É–¥–µ–Ω—Ç–∞–º —Ç–≤–æ—Ä—á–µ—Å–∫–∏—Ö –ø—Ä–æ—Ñ–µ—Å—Å–∏–π –ø—Ä–∏ –ø–æ—Å—Ç—É–ø–ª–µ–Ω–∏–∏ –≤ –≤—É–∑ –ø–æ—Å–ª–µ –∫–æ–ª–ª–µ–¥–∂–∞;;1;1;1;0;–û–±—Ä–∞–∑–æ–≤–∞–Ω–∏–µ
–ï–†;2021-09-10;–°–æ—Ü–∏–∞–ª—å–Ω—ã–µ —Å–µ—Ç–∏;–∏–∑–º–µ–Ω–∏—Ç—å –ø–æ—Ä—è–¥–æ–∫ –ø—Ä–æ–≤–µ–¥–µ–Ω–∏—è –≤—Å–µ—Ä–æ—Å—Å–∏–π—Å–∫–∏—Ö –ø—Ä–æ–≤–µ—Ä–æ—á–Ω—ã—Ö —Ä–∞–±–æ—Ç;"—Å—Ä–æ–∫–∏ –∏—Ö –ø—Ä–æ–≤–µ–¥–µ–Ω–∏—è –¥–æ–ª–∂–Ω—ã —É—á–∏—Ç—ã–≤–∞—Ç—å —É—á–µ–±–Ω—ã–π –ø–ª–∞–Ω –∫–æ–Ω–∫—Ä–µ—Ç–Ω–æ–≥–æ –ø—Ä–µ–ø–æ–¥–∞–≤–∞—Ç–µ–ª—è; —Å—Ä–æ–∫–∏";1;1;1;0;–û–±—Ä–∞–∑–æ–≤–∞–Ω–∏–µ
–ï–†;2021-09-10;–°–æ—Ü–∏–∞–ª—å–Ω—ã–µ —Å–µ—Ç–∏;—É—Å–∏–ª–µ–Ω–∏–∏ —É–≥–æ–ª–æ–≤–Ω–æ–π –æ—Ç–≤–µ—Ç—Å—Ç–≤–µ–Ω–Ω–æ—Å—Ç–∏ –¥–ª—è –ø–µ–¥–æ—Ñ–∏–ª–æ–≤ –Ω–µ–æ–±—Ö–æ–¥–∏–º–∞;;1;1;1;1;–ü—Ä–∞–≤–æ–ø–æ—Ä—è–¥–æ–∫ –∏ –±–µ–∑–æ–ø–∞—Å–Ω–æ—Å—Ç—å
–ï–†;2021-09-09;–°–æ—Ü–∏–∞–ª—å–Ω—ã–µ —Å–µ—Ç–∏;—Ä–∞–∑—Ä–∞–±–æ—Ç–∞—Ç—å –∏ —É—Ç–≤–µ—Ä–¥–∏—Ç—å –ø–µ—Ä–µ—á–µ–Ω—å –∫—Ä–∏—Ç–µ—Ä–∏–µ–≤ –∫–∞—á–µ—Å—Ç–≤–∞ –ø—Ä–æ–≤–µ–¥–µ–Ω–∏—è –∫–∞–ø—Ä–µ–º–æ–Ω—Ç–∞ —à–∫–æ–ª;;1;1;1;1;–û–±—Ä–∞–∑–æ–≤–∞–Ω–∏–µ
–ï–†;2021-09-07;–°–æ—Ü–∏–∞–ª—å–Ω—ã–µ —Å–µ—Ç–∏;–æ—Ç–º–µ–Ω–∏—Ç—å –æ–±—è–∑–∞—Ç–µ–ª—å–Ω—ã–π —Ç–µ—Ö–æ—Å–º–æ—Ç—Ä;–î–ª—è —Ñ–∏–∑. –ª–∏—Ü;1;1;1;1;–≠–∫–æ–Ω–æ–º–∏–∫–∞ –∏ –∏–Ω—Ñ—Ä–∞—Å—Ç—Ä—É–∫—Ç—É—Ä–∞
–ï–†;2021-09-07;–°–æ—Ü–∏–∞–ª—å–Ω—ã–µ —Å–µ—Ç–∏;–æ —à–∏—Ä–æ–∫–æ–º –∏—Å–ø–æ–ª—å–∑–æ–≤–∞–Ω–∏–∏ –º–æ–±–∏–ª—å–Ω—ã—Ö –º–µ–¥–ø—É–Ω–∫—Ç–æ–≤, –∞ —Ç–∞–∫–∂–µ –ø—Ä–∞–∫—Ç–∏–∫–µ —Ä–µ–∞–±–∏–ª–∏—Ç–∞—Ü–∏–∏ —Ç—è–∂–µ–ª–æ–±–æ–ª—å–Ω—ã—Ö –ø–∞—Ü–∏–µ–Ω—Ç–æ–≤;;1;1;1;1;–ó–¥—Ä–∞–≤–æ–æ—Ö—Ä–∞–Ω–µ–Ω–∏–µ
–ï–†;2021-09-06;–°–æ—Ü–∏–∞–ª—å–Ω—ã–µ —Å–µ—Ç–∏;"–Ω–µ–æ–±—Ö–æ–¥–∏–º–æ –≤–Ω–µ—Å—Ç–∏ –∏–∑–º–µ–Ω–µ–Ω–∏—è –≤ –∑–∞–∫–æ–Ω–æ–¥–∞—Ç–µ–ª—å—Å—Ç–≤–æ –¥–ª—è —Å–æ–∑–¥–∞–Ω–∏—è –Ω–æ–≤–æ–π –º–æ–¥–µ–ª–∏ –∞—Å–ø–∏—Ä–∞–Ω—Ç—É—Ä—ã 

–æ–Ω–∞ –ø—Ä–µ–¥–ø–æ–ª–∞–≥–∞–µ—Ç –±–æ–ª–µ–µ –≤—ã—Å–æ–∫—É—é –º–æ–±–∏–ª—å–Ω–æ—Å—Ç—å —É—á—ë–Ω—ã—Ö - –∫–∞–∫ –≤–Ω—É—Ç—Ä–∏ —Ä–æ—Å—Å–∏–∏, —Ç–∞–∫ –∏ –≤ –º–∏—Ä–µ";;1;1;1;0;–û–±—Ä–∞–∑–æ–≤–∞–Ω–∏–µ
–ï–†;2021-09-06;–°–æ—Ü–∏–∞–ª—å–Ω—ã–µ —Å–µ—Ç–∏;—Å–Ω–∏–∑–∏—Ç—å –±—é—Ä–æ–∫—Ä–∞—Ç–∏—á–µ—Å–∫—É—é –Ω–∞–≥—Ä—É–∑–∫—É –Ω–∞ —É—á–µ–Ω—ã—Ö;;1;1;1;1;–û–±—Ä–∞–∑–æ–≤–∞–Ω–∏–µ
–ï–†;2021-09-02;–°–æ—Ü–∏–∞–ª—å–Ω—ã–µ —Å–µ—Ç–∏;–ø—Ä–µ–¥–æ—Å—Ç–∞–≤–ª—è—Ç—å –≤–æ–∑–º–æ–∂–Ω–æ—Å—Ç–∏ –¥–ª—è –¥–æ–ø–æ–ª–Ω–∏—Ç–µ–ª—å–Ω–æ–≥–æ –æ–±—É—á–µ–Ω–∏—è —Ç–∞–ª–∞–Ω—Ç–ª–∏–≤—ã—Ö —à–∫–æ–ª—å–Ω–∏–∫–æ–≤ –∏ —Å—Ç—É–¥–µ–Ω—Ç–æ–≤ –ø–æ –∏—Ç-—Å–ø–µ—Ü–∏–∞–ª—å–Ω–æ—Å—Ç—è–º;;1;1;1;1;–û–±—Ä–∞–∑–æ–≤–∞–Ω–∏–µ
–ï–†;2021-09-02;–°–æ—Ü–∏–∞–ª—å–Ω—ã–µ —Å–µ—Ç–∏;–ø—Ä–µ–¥–ª–æ–∂–∏–ª–∏ –∏—Å–ø–æ–ª—å–∑–æ–≤–∞—Ç—å —Ä–æ—Å—Å–∏–π—Å–∫–æ–µ –ø–æ –≤ —à–∫–æ–ª–∞—Ö;;1;1;1;1;–¶–∏—Ñ—Ä–æ–≤–∏–∑–∞—Ü–∏—è
–ï–†;2021-09-01;–°–æ—Ü–∏–∞–ª—å–Ω—ã–µ —Å–µ—Ç–∏;–ø—Ä–µ–¥—É—Å–º–æ—Ç—Ä–µ—Ç—å —Ñ–∏–Ω–∞–Ω—Å–∏—Ä–æ–≤–∞–Ω–∏–µ –Ω–∞ –ø–µ—Ä–µ–≤–æ–∑–∫—É –¥–µ—Ç–µ–π –Ω–∞ –≤–Ω–µ—à–∫–æ–ª—å–Ω—ã–µ –∑–∞–Ω—è—Ç–∏—è;;1;1;1;0;–û–±—Ä–∞–∑–æ–≤–∞–Ω–∏–µ
–ï–†;2021-08-27;–°–æ—Ü–∏–∞–ª—å–Ω—ã–µ —Å–µ—Ç–∏;—Å–æ–∑–¥–∞—Ç—å –≤ —à–∫–æ–ª–∞—Ö —Å–ø–µ—Ü–∫–ª–∞—Å—Å—ã –¥–ª—è —Å–ø–æ—Ä—Ç—Å–º–µ–Ω–æ–≤;;1;1;1;0;–û–±—Ä–∞–∑–æ–≤–∞–Ω–∏–µ
–ï–†;2021-08-24;–°–æ—Ü–∏–∞–ª—å–Ω—ã–µ —Å–µ—Ç–∏;–¥–æ–±–∏—Ç—å—Å—è –≤—ã—Å–æ–∫–æ–≥–æ —É—Ä–æ–≤–Ω—è –∂–∏–∑–Ω–∏ –≤–æ –≤—Å–µ—Ö —Ä–µ–≥–∏–æ–Ω–∞—Ö –∏ —É—Å—Ç—Ä–∞–Ω–∏—Ç—å –¥–∏—Å–ø—Ä–æ–ø–æ—Ä—Ü–∏—é –≤ –¥–æ—Ö–æ–¥–∞—Ö;;1;0;0;0;–†–µ–≥–∏–æ–Ω–∞–ª—å–Ω–∞—è –ø–æ–ª–∏—Ç–∏–∫–∞
–ï–†;2021-08-24;–°–æ—Ü–∏–∞–ª—å–Ω—ã–µ —Å–µ—Ç–∏;–º—ã –¥–æ–ª–∂–Ω—ã –æ–±–µ—Å–ø–µ—á–∏—Ç—å –ø—Ä–æ–¥–æ–≤–æ–ª—å—Å—Ç–≤–µ–Ω–Ω—É—é –±–µ–∑–æ–ø–∞—Å–Ω–æ—Å—Ç—å –≤ —Å–µ–ª–∞—Ö;;1;1;0;1;–†–∞–∑–≤–∏—Ç–∏–µ —Å–µ–ª–∞
–ï–†;2021-08-24;–°–æ—Ü–∏–∞–ª—å–Ω—ã–µ —Å–µ—Ç–∏;–æ–±–µ—Å–ø–µ—á–∏—Ç—å —Å—Ç–∞–±–∏–ª—å–Ω–æ—Å—Ç—å –∏ –∫–æ–Ω–∫—É—Ä–µ–Ω—Ç–æ—Å–ø–æ—Å–æ–±–Ω–æ—Å—Ç—å —Å—Ç—Ä–∞–Ω—ã;;1;0;0;0;–≠–∫–æ–Ω–æ–º–∏–∫–∞ –∏ –∏–Ω—Ñ—Ä–∞—Å—Ç—Ä—É–∫—Ç—É—Ä–∞
–ï–†;2021-08-22;–°–æ—Ü–∏–∞–ª—å–Ω—ã–µ —Å–µ—Ç–∏;—Å–æ–∑–¥–∞—Ç—å –Ω–æ–≤—ã–π —Å—Ç–∞–Ω–¥–∞—Ä—Ç ¬´—à–∫–æ–ª –±–æ–ª—å—à–æ–π —Å—Ç—Ä–∞–Ω—ã¬ª;;1;1;1;1;–û–±—Ä–∞–∑–æ–≤–∞–Ω–∏–µ
–ï–†;2021-08-22;–°–æ—Ü–∏–∞–ª—å–Ω—ã–µ —Å–µ—Ç–∏;–≤–≤–µ–¥–µ–Ω–∏–∏ –≤ —Å—Ç—Ä–∞–Ω–µ –¥–Ω—è –ø–æ–∏—Å–∫–æ–≤–∏–∫–∞;;1;1;1;1;–ü–æ–ª–∏—Ç–∏—á–µ—Å–∫–æ–µ —É—Å—Ç—Ä–æ–π—Å—Ç–≤–æ
–ï–†;2021-08-17;–°–æ—Ü–∏–∞–ª—å–Ω—ã–µ —Å–µ—Ç–∏;–æ–±–µ—Å–ø–µ—á–∏—Ç—å –Ω–µ–∑–∞–≤–∏—Å–∏–º–æ—Å—Ç—å —Å—Ç—Ä–∞–Ω—ã –ø—Ä–∏ –±–æ—Ä—å–±–µ —Å –≤–∏—Ä—É—Å–∞–º–∏ - –æ—Ç –¥–æ—Å—Ç–∞—Ç–æ—á–Ω–æ–≥–æ –∑–∞–ø–∞—Å–∞ —Å—Ä–µ–¥—Å—Ç–≤ –∏–Ω–¥–∏–≤–∏–¥—É–∞–ª—å–Ω–æ–π –∑–∞—â–∏—Ç—ã –∏ —ç—Ñ—Ñ–µ–∫—Ç–∏–≤–Ω—ã—Ö —Ç–µ—Å—Ç-—Å–∏—Å—Ç–µ–º –¥–æ —Å–æ–∑–¥–∞–Ω–∏—è –≤ –º–∞–∫—Å–∏–º–∞–ª—å–Ω–æ–µ –∫–æ—Ä–æ—Ç–∫–æ–µ –≤—Ä–µ–º—è –∫–∞—á–µ—Å—Ç–≤–µ–Ω–Ω—ã—Ö –≤–∞–∫—Ü–∏–Ω;–°–æ–∑–¥–∞–Ω–∏–µ ¬´—Å–∞–Ω–∏—Ç–∞—Ä–Ω–æ–≥–æ —â–∏—Ç–∞¬ª;1;1;1;1;–ó–¥—Ä–∞–≤–æ–æ—Ö—Ä–∞–Ω–µ–Ω–∏–µ
–ï–†;2021-08-17;–°–æ—Ü–∏–∞–ª—å–Ω—ã–µ —Å–µ—Ç–∏;—Ä–∞–∑—Ä–∞–±–æ—Ç–∞—Ç—å —Ü–∏—Ñ—Ä–æ–≤—ã–µ –ø—Ä–æ–≥—Ä–∞–º–º—ã –ø–æ–≤—ã—à–µ–Ω–∏—è –∫–≤–∞–ª–∏—Ñ–∏–∫–∞—Ü–∏–∏ —É—á–∏—Ç–µ–ª–µ–π;;1;1;1;1;–¶–∏—Ñ—Ä–æ–≤–∏–∑–∞—Ü–∏—è
–ï–†;2021-08-16;–°–æ—Ü–∏–∞–ª—å–Ω—ã–µ —Å–µ—Ç–∏;–Ω—É–∂–Ω–æ –æ–±–Ω—É–ª–∏—Ç—å —Ç—Ä–∞–Ω—Å–ø–æ—Ä—Ç–Ω—ã–π –Ω–∞–ª–æ–≥ –Ω–∞ –∞–≤—Ç–æ–º–æ–±–∏–ª–∏ –¥–æ 250 –ª.—Å. –¥–ª—è —Ç–µ—Ö, –∫—Ç–æ –ø–æ—Å—Ç–æ—è–Ω–Ω–æ –≤–æ–∑–∏—Ç –ª—é–¥–µ–π —Å –∏–Ω–≤–∞–ª–∏–¥–Ω–æ—Å—Ç—å—é;–î–ª—è –∞–≤—Ç–æ –¥–æ 100 –ª.—Å.;1;1;1;0.5;–°–æ—Ü–∏–∞–ª—å–Ω–∞—è –ø–æ–ª–∏—Ç–∏–∫–∞
–ï–†;2021-08-13;–°–æ—Ü–∏–∞–ª—å–Ω—ã–µ —Å–µ—Ç–∏;–ø—Ä–æ—Ä–∞–±–æ—Ç–∞–µ—Ç –≤–æ–ø—Ä–æ—Å –∑–∞–ø—É—Å–∫–∞ –ø—Ä–æ–≥—Ä–∞–º–º—ã –∫–∞–ø—Ä–µ–º–æ–Ω—Ç–∞ –¥–µ—Ç—Å–∞–¥–æ–≤;;1;1;1;1;–°–æ—Ü–∏–∞–ª—å–Ω–∞—è –ø–æ–ª–∏—Ç–∏–∫–∞
–ï–†;2021-08-13;–°–æ—Ü–∏–∞–ª—å–Ω—ã–µ —Å–µ—Ç–∏;–≤–Ω–µ–¥—Ä–∏—Ç—å –ø—Ä–∏–Ω—Ü–∏–ø—ã –≥–æ—Å—É–¥–∞—Ä—Å—Ç–≤–µ–Ω–Ω–æ-—á–∞—Å—Ç–Ω–æ–≥–æ –ø–∞—Ä—Ç–Ω–µ—Ä—Å—Ç–≤–∞ –≤ —É–ø—Ä–∞–≤–ª–µ–Ω–∏–µ –∫–æ–ª–ª–µ–¥–∂–∞–º–∏;–±—ä–µ–¥–∏–Ω–µ–Ω–∏—è –∫–æ–ª–ª–µ–¥–∂–µ–π —Å –ø—Ä–µ–¥–ø—Ä–∏—è—Ç–∏—è–º–∏;1;1;1;1;–¢—Ä—É–¥ –∏ –∑–∞–Ω—è—Ç–æ—Å—Ç—å
–ï–†;2021-08-13;–°–æ—Ü–∏–∞–ª—å–Ω—ã–µ —Å–µ—Ç–∏;—Å—Ç–∏–º—É–ª–∏—Ä–æ–≤–∞—Ç—å —Ä–∞–±–æ—Ç–æ–¥–∞—Ç–µ–ª–µ–π –ø—Ä–∏ —Ç—Ä—É–¥–æ—É—Å—Ç—Ä–æ–π—Å—Ç–≤–µ –º–æ–ª–æ–¥—ã—Ö —Å–ø–µ—Ü–∏–∞–ª–∏—Å—Ç–æ–≤;–∑–∞–ø—É—Å—Ç–∏—Ç—å –æ–±—É—á–∞—é—â–∏–µ –ø—Ä–æ—Ñ–æ—Ä–∏–µ–Ω—Ç–∞—Ü–∏–æ–Ω–Ω—ã–µ –ø—Ä–æ–≥—Ä–∞–º–º—ã;1;1;0;1;–¢—Ä—É–¥ –∏ –∑–∞–Ω—è—Ç–æ—Å—Ç—å
–ï–†;2021-08-06;–°–æ—Ü–∏–∞–ª—å–Ω—ã–µ —Å–µ—Ç–∏;–æ —Å–æ–≤–º–µ—Å—Ç–Ω–æ–π –≥–æ—Å–ø–∏—Ç–∞–ª–∏–∑–∞—Ü–∏–∏ –¥–µ—Ç–µ–π-–∏–Ω–≤–∞–ª–∏–¥–æ–≤ —Å —Ä–æ–¥–∏—Ç–µ–ª—è–º–∏;;1;1;1;1;–°–æ—Ü–∏–∞–ª—å–Ω–∞—è –ø–æ–ª–∏—Ç–∏–∫–∞
–ï–†;2021-08-05;–°–æ—Ü–∏–∞–ª—å–Ω—ã–µ —Å–µ—Ç–∏;–∞–¥–∞–ø—Ç–∞—Ü–∏–∏ –Ω–µ –º–µ–Ω–µ–µ 10% –Ω–æ–≤–æ—Å—Ç—Ä–æ–µ–∫ –¥–ª—è –∏–Ω–≤–∞–ª–∏–¥–æ–≤;;1;1;1;0;–°–æ—Ü–∏–∞–ª—å–Ω–∞—è –ø–æ–ª–∏—Ç–∏–∫–∞
–ï–†;2021-08-05;–°–æ—Ü–∏–∞–ª—å–Ω—ã–µ —Å–µ—Ç–∏;–≤—ã–¥–µ–ª–∏—Ç—å –¥–æ–ø–æ–ª–Ω–∏—Ç–µ–ª—å–Ω—ã–µ —Å—Ä–µ–¥—Å—Ç–≤–∞ –¥–ª—è —Ä–µ—à–µ–Ω–∏—è –ø—Ä–æ–±–ª–µ–º –æ–±–º–∞–Ω—É—Ç—ã—Ö –¥–æ–ª—å—â–∏–∫–æ–≤;;1;1;1;1;–≠–∫–æ–Ω–æ–º–∏–∫–∞ –∏ –∏–Ω—Ñ—Ä–∞—Å—Ç—Ä—É–∫—Ç—É—Ä–∞
–ï–†;2021-08-05;–°–æ—Ü–∏–∞–ª—å–Ω—ã–µ —Å–µ—Ç–∏;—Ä–∞—Å—à–∏—Ä–µ–Ω–∏–µ –ø—Ä–æ–≥—Ä–∞–º–º—ã —Å–µ–ª—å—Å–∫–æ–π –∏–ø–æ—Ç–µ–∫–∏ ;—É–≤–µ–ª–∏—á–µ–Ω–∏–µ –ª–∏–º–∏—Ç–∞ –¥–æ 6 –º–∏–ª–ª–∏–æ–Ω–æ–≤ —Ä—É–±–ª–µ–π;1;1;1;1;–†–∞–∑–≤–∏—Ç–∏–µ —Å–µ–ª–∞
–ï–†;2021-08-03;–°–æ—Ü–∏–∞–ª—å–Ω—ã–µ —Å–µ—Ç–∏;–≤–≤–µ—Å—Ç–∏ –ª—å–≥–æ—Ç–Ω–æ–µ –∫—Ä–µ–¥–∏—Ç–æ–≤–∞–Ω–∏–µ –¥–ª—è —Ñ–µ—Ä–º–µ—Ä–æ–≤ –Ω–∞ —Å—Ç—Ä–æ–∏—Ç–µ–ª—å—Å—Ç–≤–æ –æ–ø—Ç–æ–≤–æ-—Ä–∞—Å–ø—Ä–µ–¥–µ–ª–∏—Ç–µ–ª—å–Ω—ã—Ö —Ü–µ–Ω—Ç—Ä–æ–≤ –∏–ª–∏ –∫–æ–º–ø–µ–Ω—Å–∏—Ä–æ–≤–∞—Ç—å –∏–º —Ç—Ä–µ—Ç—å –∑–∞—Ç—Ä–∞—Ç –Ω–∞ —ç—Ç–∏ —Ü–µ–ª–∏;;1;1;1;1;–≠–∫–æ–Ω–æ–º–∏–∫–∞ –∏ –∏–Ω—Ñ—Ä–∞—Å—Ç—Ä—É–∫—Ç—É—Ä–∞
–ï–†;2021-07-28;–°–æ—Ü–∏–∞–ª—å–Ω—ã–µ —Å–µ—Ç–∏;—É–≤–µ–ª–∏—á–∏—Ç—å —á–∏—Å–ª–æ –±—é–¥–∂–µ—Ç–Ω—ã—Ö –º–µ—Å—Ç –Ω–∞ –¥–µ—Ñ–∏—Ü–∏—Ç–Ω—ã–µ –º–µ–¥–∏—Ü–∏–Ω—Å–∫–∏–µ —Å–ø–µ—Ü–∏–∞–ª—å–Ω–æ—Å—Ç–∏;;1;1;1;1;–ó–¥—Ä–∞–≤–æ–æ—Ö—Ä–∞–Ω–µ–Ω–∏–µ
–ï–†;2021-07-22;–°–æ—Ü–∏–∞–ª—å–Ω—ã–µ —Å–µ—Ç–∏;–æ–ø–ª–∞—á–∏–≤–∞—Ç—å –Ω—è–Ω—å –¥–ª—è –¥–µ—Ç–µ–π-–∏–Ω–≤–∞–ª–∏–¥–æ–≤ –∏–∑ —Å–µ–º–µ–π –≤ —Ç—Ä—É–¥–Ω–æ–π —Å–∏—Ç—É–∞—Ü–∏–∏;"¬´—Å–µ–π—á–∞—Å —É—Å–ª—É–≥–∏ –ø–æ –ø—Ä–∏—Å–º–æ—Ç—Ä—É –∏ —É—Ö–æ–¥—É –∑–∞ –¥–µ—Ç—å–º–∏ —Ä–∞–Ω–Ω–µ–≥–æ –≤–æ–∑—Ä–∞—Å—Ç–∞ –≤ —Ä–∞–∑–Ω–æ–π —Ñ–æ—Ä–º–µ –∞–ø—Ä–æ–±–∏—Ä—É—é—Ç—Å—è –∏ —Ä–∞–∑–≤–∏–≤–∞—é—Ç—Å—è –≤ –±–µ–ª–≥–æ—Ä–æ–¥—Å–∫–æ–π, –≤–æ–ª–æ–≥–æ–¥—Å–∫–æ–π, —É–ª—å—è–Ω–æ–≤—Å–∫–æ–π –∏ –∫–∞–ª–∏–Ω–∏–Ω–≥—Ä–∞–¥—Å–∫–æ–π –æ–±–ª–∞—Å—Ç—è—Ö, —Ä–µ—Å–ø—É–±–ª–∏–∫–µ –±–∞—à–∫–æ—Ä—Ç–æ—Å—Ç–∞–Ω –∏ —Ä—è–¥–µ –¥—Ä—É–≥–∏—Ö —Ä–µ–≥–∏–æ–Ω–æ–≤. –∏—Ö –ø—Ä–µ–¥–æ—Å—Ç–∞–≤–ª—è—é—Ç –¥–µ—Ç—è–º –æ—Ç 1,5 –¥–æ 3-—Ö –ª–µ—Ç, –∫–æ—Ç–æ—Ä—ã–µ –Ω–µ –æ–±–µ—Å–ø–µ—á–µ–Ω—ã –º–µ—Å—Ç–∞–º–∏ –≤ –¥–µ—Ç—Å–∞–¥–∞—Ö.¬ª
–¢–µ–ø–µ—Ä—å –Ω–µ —Ç–æ–ª—å–∫–æ –æ—Ç 1,5 –¥–æ 3 –ª–µ—Ç";1;1;1;0.5;–°–æ—Ü–∏–∞–ª—å–Ω–∞—è –ø–æ–ª–∏—Ç–∏–∫–∞
–ï–†;2021-07-21;–°–æ—Ü–∏–∞–ª—å–Ω—ã–µ —Å–µ—Ç–∏;–ø—Ä–µ–¥—É—Å–º–æ—Ç—Ä—è—Ç –º–µ—Ä—ã –ø–æ –ø–æ–¥–¥–µ—Ä–∂–∫–µ —Å–±—ã—Ç–∞ —Ñ–µ—Ä–º–µ—Ä—Å–∫–æ–π –ø—Ä–æ–¥—É–∫—Ü–∏–∏;;1;1;1;1;–†–∞–∑–≤–∏—Ç–∏–µ —Å–µ–ª–∞
–ï–†;2021-07-15;–°–æ—Ü–∏–∞–ª—å–Ω—ã–µ —Å–µ—Ç–∏;–ø—Ä–µ–¥—É—Å–º–æ—Ç—Ä–µ—Ç—å –¥–æ—Å—Ç—É–ø–Ω–æ—Å—Ç—å —É—Å–ª–æ–≤–∏–π –¥–ª—è –∑–∞–Ω—è—Ç–∏—è —Å–ø–æ—Ä—Ç–æ–º –ª—é–¥–µ–π —Å –∏–Ω–≤–∞–ª–∏–¥–Ω–æ—Å—Ç—å—é;;1;1;1;1;–°–æ—Ü–∏–∞–ª—å–Ω–∞—è –ø–æ–ª–∏—Ç–∏–∫–∞
–ï–†;2021-07-15;–°–æ—Ü–∏–∞–ª—å–Ω—ã–µ —Å–µ—Ç–∏;—É–ø—Ä–æ—â–µ–Ω–∏–µ –ø—Ä–æ—Ü–µ–¥—É—Ä—ã –º–µ–¥–∏–∫–æ-—Å–æ—Ü–∏–∞–ª—å–Ω–æ–π —ç–∫—Å–ø–µ—Ä—Ç–∏–∑—ã –∏–Ω–≤–∞–ª–∏–¥–æ–≤;–î–∏—Å—Ç–∞–Ω—Ç;1;1;1;1;–°–æ—Ü–∏–∞–ª—å–Ω–∞—è –ø–æ–ª–∏—Ç–∏–∫–∞
–ï–†;2021-07-10;–°–æ—Ü–∏–∞–ª—å–Ω—ã–µ —Å–µ—Ç–∏;—Ä–∞–∑—Ä–∞–±–æ—Ç–∞—Ç—å –º–µ—Ä—ã –ø–æ–¥–¥–µ—Ä–∂–∫–∏ –≤–æ–ª–æ–Ω—Ç–µ—Ä–æ–≤-–ø—Ä–æ—Ñ–µ—Å—Å–∏–æ–Ω–∞–ª–æ–≤ ;;1;1;0;1;–¢—Ä—É–¥ –∏ –∑–∞–Ω—è—Ç–æ—Å—Ç—å
–ï–†;2021-07-08;–°–æ—Ü–∏–∞–ª—å–Ω—ã–µ —Å–µ—Ç–∏;–æ—Ç–º–µ–Ω—É –Ω–¥—Ñ–ª –¥–ª—è –º–Ω–æ–≥–æ–¥–µ—Ç–Ω—ã—Ö —Å–µ–º–µ–π —Å 4 –∏ –±–æ–ª–µ–µ –¥–µ—Ç—å–º–∏;–ù–∞–ª–æ–≥–æ–≤—ã–π –≤—ã—á–µ—Ç –ø–æ–≤—ã—Å–∏–ª–∏;1;1;1;0.5;–°–æ—Ü–∏–∞–ª—å–Ω–∞—è –ø–æ–ª–∏—Ç–∏–∫–∞
–ï–†;2021-06-15;–°–æ—Ü–∏–∞–ª—å–Ω—ã–µ —Å–µ—Ç–∏;–ø—Ä–µ–¥—É—Å–º–æ—Ç—Ä–∏—Ç —Å–∏—Å—Ç–µ–º—É —ç—Ñ—Ñ–µ–∫—Ç–∏–≤–Ω–æ–π —Å–æ—Ü–∏–∞–ª—å–Ω–æ–π –ø–æ–º–æ—â–∏;;1;1;1;1;–°–æ—Ü–∏–∞–ª—å–Ω–∞—è –ø–æ–ª–∏—Ç–∏–∫–∞
–ï–†;2021-06-04;–°–æ—Ü–∏–∞–ª—å–Ω—ã–µ —Å–µ—Ç–∏;–µ–¥–∏–Ω–∞—è —Ä–æ—Å—Å–∏—è –ø–æ–º–æ–∂–µ—Ç —Ä–µ–≥–∏–æ–Ω–∞–º –ø–æ–¥–≥–æ—Ç–æ–≤–∏—Ç—å –∑–∞—è–≤–∫–∏ –Ω–∞ –∏–Ω—Ñ—Ä–∞—Å—Ç—Ä—É–∫—Ç—É—Ä–Ω—ã–µ –∫—Ä–µ–¥–∏—Ç—ã;;1;1;1;1;–†–µ–≥–∏–æ–Ω–∞–ª—å–Ω–∞—è –ø–æ–ª–∏—Ç–∏–∫–∞
–ï–†;2021-08-27;–ü—Ä–æ–≥—Ä–∞–º–º–∞ –ø–∞—Ä—Ç–∏–∏;–æ–±–µ—Å–ø–µ—á–∏–≤–∞—Ç—å –ø–æ—ç—Ç–∞–ø–Ω–æ–µ –ø–æ–≤—ã—à–µ–Ω–∏–µ –æ–ø–ª–∞—Ç—ã —Ç—Ä—É–¥–∞ —É—á–∏—Ç–µ–ª–µ–∏ÃÜ, –≤—Ä–∞—á–µ–∏ÃÜ, –≤–æ–µ–Ω–Ω–æ—Å–ª—É–∂–∞—â–∏—Ö, —Ä–∞–±–æ—Ç–Ω–∏–∫–æ–≤ —Å–æ—Ü–∏–∞–ª—å–Ω–æ–∏ÃÜ –∏ –ø—Ä–∞–≤–æ–æ—Ö—Ä–∞–Ω–∏—Ç–µ–ª—å–Ω–æ–∏ÃÜ —Å—Ñ–µ—Ä;;1;1;0;1;–°–æ—Ü–∏–∞–ª—å–Ω–∞—è –ø–æ–ª–∏—Ç–∏–∫–∞
–ï–†;2021-08-27;–ü—Ä–æ–≥—Ä–∞–º–º–∞ –ø–∞—Ä—Ç–∏–∏;–æ–±–µ—Å–ø–µ—á–∏—Ç—å —Ä–∞–∑–≤–∏—Ç–∏–µ —ç–ª–µ–∫—Ç—Ä–æ–Ω–Ω–æ–≥–æ –¥–æ–∫—É–º–µ–Ω—Ç–æ–æ–±–æ—Ä–æ—Ç–∞ –≤ —Å—Ñ–µ—Ä–µ —Ç—Ä—É–¥–æ–≤—ã—Ö –æ—Ç–Ω–æ—à–µ–Ω–∏–∏ÃÜ;;1;1;1;1;–¶–∏—Ñ—Ä–æ–≤–∏–∑–∞—Ü–∏—è
–ï–†;2021-08-27;–ü—Ä–æ–≥—Ä–∞–º–º–∞ –ø–∞—Ä—Ç–∏–∏;—Ä–µ–∞–ª–∏–∑–æ–≤–∞—Ç—å –ø—Ä–æ–≥—Ä–∞–º–º—ã —Å–æ—Ü–∏–∞–ª—å–Ω–æ–∏ÃÜ –ø–æ–¥–¥–µ—Ä–∂–∫–∏ –≤—ã–ø—É—Å–∫–Ω–∏–∫–æ–≤ –≤—É–∑–æ–≤, –≤—ã–µ–∑–∂–∞—é—â–∏—Ö –¥–ª—è —Ä–∞–±–æ—Ç—ã –≤ —Å–µ–ª–∞ –∏ –º–∞–ª—ã–µ –≥–æ—Ä–æ–¥–∞;;1;1;1;1;–†–∞–∑–≤–∏—Ç–∏–µ —Å–µ–ª–∞
–ï–†;2021-08-27;–ü—Ä–æ–≥—Ä–∞–º–º–∞ –ø–∞—Ä—Ç–∏–∏;—Ä–∞–∑—Ä–∞–±–æ—Ç–∞—Ç—å –ø—Ä–æ–≥—Ä–∞–º–º—ã –ø–æ —Å—Ç–∏–º—É–ª–∏—Ä–æ–≤–∞–Ω–∏—é –∑–∞–∫–ª—é—á–µ–Ω–∏—è –¥–æ–≥–æ–≤–æ—Ä–æ–≤ —Ü–µ–ª–µ–≤–æ–≥–æ –æ–±—É—á–µ–Ω–∏—è —Å—Ç—É–¥–µ–Ω—Ç–æ–≤ —Å —Ä–∞–±–æ—Ç–æ–¥–∞—Ç–µ–ª—è–º–∏ –≤ —Ä–µ–≥–∏–æ–Ω–∞—Ö;;1;1;1;0.5;–†–µ–≥–∏–æ–Ω–∞–ª—å–Ω–∞—è –ø–æ–ª–∏—Ç–∏–∫–∞
–ï–†;2021-08-27;–ü—Ä–æ–≥—Ä–∞–º–º–∞ –ø–∞—Ä—Ç–∏–∏;–∑–∞–ø—É—Å—Ç–∏—Ç—å –ø—Ä–æ–≥—Ä–∞–º–º—ã –ø–æ–≤—ã—à–µ–Ω–∏—è –∑–∞–∏–Ω—Ç–µ—Ä–µ—Å–æ–≤–∞–Ω–Ω–æ—Å—Ç–∏ —Ä–∞–±–æ—Ç–æ–¥–∞—Ç–µ–ª–µ–∏ÃÜ –≤ –Ω–∞–∏ÃÜ–º–µ –ª—é–¥–µ–∏ÃÜ —Å –æ–≥—Ä–∞–Ω–∏—á–µ–Ω–Ω—ã–º–∏ –≤–æ–∑–º–æ–∂–Ω–æ—Å—Ç—è–º–∏ –∑–¥–æ—Ä–æ–≤—å—è;;1;1;1;1;–°–æ—Ü–∏–∞–ª—å–Ω–∞—è –ø–æ–ª–∏—Ç–∏–∫–∞
–ï–†;2021-08-27;–ü—Ä–æ–≥—Ä–∞–º–º–∞ –ø–∞—Ä—Ç–∏–∏;—Ä–∞—Å—à–∏—Ä–∏—Ç—å –≤–æ–∑–º–æ–∂–Ω–æ—Å—Ç–∏ –¥–ª—è –ø—Ä–æ—Ñ–µ—Å—Å–∏–æ–Ω–∞–ª—å–Ω–æ–∏ÃÜ –º–æ–±–∏–ª—å–Ω–æ—Å—Ç–∏ –±–µ–∑—Ä–∞–±–æ—Ç–Ω—ã—Ö, –∏—â—É—â–∏—Ö —Ä–∞–±–æ—Ç—É, –≤ —Ç–æ–º —á–∏—Å–ª–µ –∑–∞ —Å—á–µ—Ç —Ä–∞–∑–≤–∏—Ç–∏—è —É–¥–∞–ª–µ–Ω–Ω–æ–∏ÃÜ –∑–∞–Ω—è—Ç–æ—Å—Ç–∏;;1;1;1;1;–¢—Ä—É–¥ –∏ –∑–∞–Ω—è—Ç–æ—Å—Ç—å
–ï–†;2021-08-27;–ü—Ä–æ–≥—Ä–∞–º–º–∞ –ø–∞—Ä—Ç–∏–∏;–æ–±–µ—Å–ø–µ—á–∏—Ç—å –≥–∞—Ä–∞–Ω—Ç–∏—Ä–æ–≤–∞–Ω–Ω—ã–∏ÃÜ –∫–æ–Ω—Ç—Ä–æ–ª—å –∑–∞ —Å–æ–±–ª—é–¥–µ–Ω–∏–µ–º –ø—Ä–∞–≤ —Ä–∞–±–æ—Ç–Ω–∏–∫–æ–≤ –ø—Ä–µ–¥–ø–µ–Ω—Å–∏–æ–Ω–Ω–æ–≥–æ –≤–æ–∑—Ä–∞—Å—Ç–∞;;1;1;1;0.5;–°–æ—Ü–∏–∞–ª—å–Ω–∞—è –ø–æ–ª–∏—Ç–∏–∫–∞
–ï–†;2021-08-27;–ü—Ä–æ–≥—Ä–∞–º–º–∞ –ø–∞—Ä—Ç–∏–∏;—Å–æ–∑–¥–∞—Ç—å –∏–Ω—Å—Ç–∏—Ç—É—Ç –Ω–∞—Å—Ç–∞–≤–Ω–∏—á–µ—Å—Ç–≤–∞, –∫–æ–≥–¥–∞ –ø—Ä–∞–∫—Ç–∏–∫—É—é—â–∏–µ –≤—Ä–∞—á–∏ –±–µ—Ä—É—Ç ¬´–ø–æ–¥ –∫—Ä—ã–ª–æ¬ª –º–æ–ª–æ–¥—ã—Ö —Å–ø–µ—Ü–∏–∞–ª–∏—Å—Ç–æ–≤ –ø–æ –æ–∫–æ–Ω—á–∞–Ω–∏–∏ –∏–º–∏ –æ—Ä–¥–∏–Ω–∞—Ç—É—Ä—ã, –∫–æ–Ω—Å—É–ª—å—Ç–∏—Ä—É—é—Ç –∏—Ö, –¥–µ–ª—è—Ç—Å—è –æ–ø—ã—Ç–æ–º;;1;1;1;1;–ó–¥—Ä–∞–≤–æ–æ—Ö—Ä–∞–Ω–µ–Ω–∏–µ
–ï–†;2021-08-27;–ü—Ä–æ–≥—Ä–∞–º–º–∞ –ø–∞—Ä—Ç–∏–∏;–∑–∞–∫—Ä–µ–ø–∏—Ç—å —Å—Ç–∞—Ç—É—Å –º–Ω–æ–≥–æ–¥–µ—Ç–Ω–æ–∏ÃÜ —Å–µ–º—å–∏ –Ω–∞ –∑–∞–∫–æ–Ω–æ–¥–∞—Ç–µ–ª—å–Ω–æ–º —É—Ä–æ–≤–Ω–µ;;1;1;1;1;–°–æ—Ü–∏–∞–ª—å–Ω–∞—è –ø–æ–ª–∏—Ç–∏–∫–∞
–ï–†;2021-08-27;–ü—Ä–æ–≥—Ä–∞–º–º–∞ –ø–∞—Ä—Ç–∏–∏;–ø—Ä–µ–¥—É—Å–º–æ—Ç—Ä–µ—Ç—å –≤–æ–∑–º–æ–∂–Ω–æ—Å—Ç—å –∏—Å–ø–æ–ª—å–∑–æ–≤–∞–Ω–∏—è —Å—Ä–µ–¥—Å—Ç–≤ –º–∞—Ç–µ—Ä–∏–Ω—Å–∫–æ–≥–æ –∫–∞–ø–∏—Ç–∞–ª–∞ –¥–ª—è –æ–ø–ª–∞—Ç—ã —É—Å–ª—É–≥ –¥–æ—à–∫–æ–ª—å–Ω—ã—Ö –æ–±—Ä–∞–∑–æ–≤–∞—Ç–µ–ª—å–Ω—ã—Ö –æ—Ä–≥–∞–Ω–∏–∑–∞—Ü–∏–∏ÃÜ, —Å–æ–∑–¥–∞–Ω–Ω—ã—Ö –∏–Ω–¥–∏–≤–∏–¥—É–∞–ª—å–Ω—ã–º–∏ –ø—Ä–µ–¥–ø—Ä–∏–Ω–∏–º–∞—Ç–µ–ª—è–º–∏, –∞ —Ç–∞–∫–∂–µ –¥–ª—è —É–ª—É—á—à–µ–Ω–∏—è –∂–∏–ª–∏—â–Ω—ã—Ö —É—Å–ª–æ–≤–∏–∏ÃÜ —Å–µ–º—å–∏, –≤–∫–ª—é—á–∞—è —Ä–µ–º–æ–Ω—Ç –∫–≤–∞—Ä—Ç–∏—Ä—ã –∏–ª–∏ –¥–æ–º–∞, –ø–æ–∫—É–ø–∫—É –∏ —É—Å—Ç–∞–Ω–æ–≤–∫—É –≥–∞–∑–æ–≤–æ–≥–æ –æ–±–æ—Ä—É–¥–æ–≤–∞–Ω–∏—è;;1;1;1;1;–°–æ—Ü–∏–∞–ª—å–Ω–∞—è –ø–æ–ª–∏—Ç–∏–∫–∞
–ï–†;2021-08-27;–ü—Ä–æ–≥—Ä–∞–º–º–∞ –ø–∞—Ä—Ç–∏–∏;—Ä–∞—Å—à–∏—Ä–∏—Ç—å —Å–∏—Å—Ç–µ–º—É –∏ –æ—Ö–≤–∞—Ç —Å–æ—Ü–∏–∞–ª—å–Ω–æ–∏ÃÜ –ø–æ–¥–¥–µ—Ä–∂–∫–∏ –º–∞–ª–æ–æ–±–µ—Å–ø–µ—á–µ–Ω–Ω—ã—Ö —Å–µ–º–µ–∏ÃÜ —Å –¥–µ—Ç—å–º–∏;;1;1;0;1;–°–æ—Ü–∏–∞–ª—å–Ω–∞—è –ø–æ–ª–∏—Ç–∏–∫–∞
–ï–†;2021-08-27;–ü—Ä–æ–≥—Ä–∞–º–º–∞ –ø–∞—Ä—Ç–∏–∏;–æ—Å–≤–æ–±–æ–¥–∏—Ç—å –æ—Ç —É–ø–ª–∞—Ç—ã –Ω–∞–ª–æ–≥–∞ –Ω–∞ –¥–æ—Ö–æ–¥ –æ—Ç –ø—Ä–æ–¥–∞–∂–∏ –∂–∏–ª–æ–∏ÃÜ –Ω–µ–¥–≤–∏–∂–∏–º–æ—Å—Ç–∏ —Å–µ–º—å–∏ —Å –¥–≤—É–º—è –∏ –±–æ–ª–µ–µ –¥–µ—Ç—å–º–∏, –µ—Å–ª–∏ –≤ —Ç–µ—á–µ–Ω–∏–µ –∫–∞–ª–µ–Ω–¥–∞—Ä–Ω–æ–≥–æ –≥–æ–¥–∞ –æ–Ω–∏ –Ω–∞–ø—Ä–∞–≤–ª—è—é—Ç –ø–æ–ª—É—á–µ–Ω–Ω—ã–µ —Å—Ä–µ–¥—Å—Ç–≤–∞ –Ω–∞ –ø–æ–∫—É–ø–∫—É –Ω–æ–≤–æ–≥–æ –∂–∏–ª—å—è;;1;1;1;1;–°–æ—Ü–∏–∞–ª—å–Ω–∞—è –ø–æ–ª–∏—Ç–∏–∫–∞
–ï–†;2021-08-27;–ü—Ä–æ–≥—Ä–∞–º–º–∞ –ø–∞—Ä—Ç–∏–∏;—É–≤–µ–ª–∏—á–∏—Ç—å –∏ —Ä–∞—Å—à–∏—Ä–∏—Ç—å –≤–æ–∑–º–æ–∂–Ω–æ—Å—Ç–∏ –∏—Å–ø–æ–ª—å–∑–æ–≤–∞–Ω–∏—è —Å—É–±—Å–∏–¥–∏–∏ÃÜ –º–Ω–æ–≥–æ–¥–µ—Ç–Ω—ã–º —Å–µ–º—å—è–º –Ω–∞ –ø–æ–≥–∞—à–µ–Ω–∏–µ –∏–ø–æ—Ç–µ–∫–∏ –∏ –Ω–∞ –ø—Ä–∏–æ–±—Ä–µ—Ç–µ–Ω–∏–µ –∑–µ–º–ª–∏ –ø–æ–¥ —Å—Ç—Ä–æ–∏—Ç–µ–ª—å—Å—Ç–≤–æ —Å–≤–æ–µ–≥–æ –¥–æ–º–∞;;1;1;1;1;–°–æ—Ü–∏–∞–ª—å–Ω–∞—è –ø–æ–ª–∏—Ç–∏–∫–∞
–ï–†;2021-08-27;–ü—Ä–æ–≥—Ä–∞–º–º–∞ –ø–∞—Ä—Ç–∏–∏;–ø—Ä–∏–Ω—è—Ç—å —Ñ–µ–¥–µ—Ä–∞–ª—å–Ω—É—é —Å—Ç—Ä–∞—Ç–µ–≥–∏—é –æ–±–µ—Å–ø–µ—á–µ–Ω–∏—è –∫–æ–º–ø–ª–µ–∫—Å–Ω–æ–∏ÃÜ –±–µ–∑–æ–ø–∞—Å–Ω–æ—Å—Ç–∏ –¥–µ—Ç—Å—Ç–≤–∞ –≤ —à–∫–æ–ª–µ, –Ω–∞ —É–ª–∏—Ü–µ, –Ω–∞ –æ—Ç–¥—ã—Ö–µ, –Ω–∞ —Ç—Ä–∞–Ω—Å–ø–æ—Ä—Ç–µ, –≤ –∏–Ω—Ñ–æ—Ä–º–∞—Ü–∏–æ–Ω–Ω–æ–º –ø—Ä–æ—Å—Ç—Ä–∞–Ω—Å—Ç–≤–µ –∏ –¥—Ä;;1;1;0;1;–°–æ—Ü–∏–∞–ª—å–Ω–∞—è –ø–æ–ª–∏—Ç–∏–∫–∞
–ï–†;2021-08-27;–ü—Ä–æ–≥—Ä–∞–º–º–∞ –ø–∞—Ä—Ç–∏–∏;–≤–µ—Ä–Ω—É—Ç—å ¬´—à–∫–æ–ª—å–Ω—É—é –º–µ–¥–∏—Ü–∏–Ω—É¬ª –≤ –æ–±—Ä–∞–∑–æ–≤–∞—Ç–µ–ª—å–Ω—ã—Ö –æ—Ä–≥–∞–Ω–∏–∑–∞—Ü–∏—è—Ö;;1;1;1;1;–û–±—Ä–∞–∑–æ–≤–∞–Ω–∏–µ
–ï–†;2021-08-27;–ü—Ä–æ–≥—Ä–∞–º–º–∞ –ø–∞—Ä—Ç–∏–∏;–∑–∞–∫–æ–Ω–æ–¥–∞—Ç–µ–ª—å–Ω–æ –æ–±—è–∑–∞—Ç—å –ø–µ—Ä–µ–≤–æ–∑—á–∏–∫–æ–≤ —É—Å—Ç–∞–Ω–∞–≤–ª–∏–≤–∞—Ç—å —Å–ø–µ—Ü–∏–∞–ª—å–Ω—ã–µ —É–¥–µ—Ä–∂–∏–≤–∞—é—â–∏–µ —É—Å—Ç—Ä–æ–∏ÃÜ—Å—Ç–≤–∞, –¥–µ—Ç—Å–∫–∏–µ –∫—Ä–µ—Å–ª–∞ –Ω–∞ –≤—Å–µ—Ö —Ç–∞–∫—Å–∏ –¥–ª—è –æ–±–µ—Å–ø–µ—á–µ–Ω–∏—è –±–µ–∑–æ–ø–∞—Å–Ω–æ—Å—Ç–∏ –¥–µ—Ç–µ–∏ÃÜ –±–µ–∑ –ø–æ–≤—ã—à–µ–Ω–∏—è —Ç–∞—Ä–∏—Ñ–∞ –∑–∞ –ø–µ—Ä–µ–≤–æ–∑–∫—É;;1;1;1;0.5;–ü—Ä–∞–≤–æ–ø–æ—Ä—è–¥–æ–∫ –∏ –±–µ–∑–æ–ø–∞—Å–Ω–æ—Å—Ç—å
–ï–†;2021-08-27;–ü—Ä–æ–≥—Ä–∞–º–º–∞ –ø–∞—Ä—Ç–∏–∏;—Å–æ–∑–¥–∞—Ç—å —Å–µ—Ç—å —Ä–µ—Å—É—Ä—Å–Ω—ã—Ö —Å–µ–º–µ–∏ÃÜ–Ω—ã—Ö –º–Ω–æ–≥–æ—Ñ—É–Ω–∫—Ü–∏–æ–Ω–∞–ª—å–Ω—ã—Ö —Ü–µ–Ω—Ç—Ä–æ–≤, –≤ –∫–æ—Ç–æ—Ä—ã—Ö –æ–∫–∞–∑—ã–≤–∞–µ—Ç—Å—è –Ω–µ–æ–±—Ö–æ–¥–∏–º–∞—è –ø–æ–º–æ—â—å —Å–µ–º—å—è–º, –Ω–∞—Ö–æ–¥—è—â–∏–º—Å—è –≤ —Ç—Ä—É–¥–Ω–æ–∏ÃÜ –∂–∏–∑–Ω–µ–Ω–Ω–æ–∏ÃÜ —Å–∏—Ç—É–∞—Ü–∏–∏, –±–µ—Ä–µ–º–µ–Ω–Ω—ã–º –∏ –º–æ–ª–æ–¥—ã–º –º–∞–º–∞–º, –≤–∫–ª—é—á–∞—è —é—Ä–∏–¥–∏—á–µ—Å–∫—É—é, –º–∞—Ç–µ—Ä–∏–∞–ª—å–Ω—É—é –∏ –ø—Å–∏—Ö–æ–ª–æ–≥–∏—á–µ—Å–∫—É—é –ø–æ–º–æ—â—å, –∫—Ä–∞—Ç–∫–æ–≤—Ä–µ–º–µ–Ω–Ω—ã–∏ÃÜ –ø—Ä–∏—Å–º–æ—Ç—Ä –∑–∞ –¥–µ—Ç—å–º–∏, —É—á–µ–±–Ω—ã–µ –∫—É—Ä—Å—ã, –∞ —Ç–∞–∫–∂–µ –ø—Ä–æ–∂–∏–≤–∞–Ω–∏–µ;;1;1;1;1;–°–æ—Ü–∏–∞–ª—å–Ω–∞—è –ø–æ–ª–∏—Ç–∏–∫–∞
–ï–†;2021-08-27;–ü—Ä–æ–≥—Ä–∞–º–º–∞ –ø–∞—Ä—Ç–∏–∏;–æ–±–µ—Å–ø–µ—á–∏—Ç—å 100-–ø—Ä–æ—Ü–µ–Ω—Ç–Ω—É—é –¥–æ—Å—Ç—É–ø–Ω–æ—Å—Ç—å –ø–µ—Ä–≤–∏—á–Ω–æ–≥–æ –∑–≤–µ–Ω–∞ –∑–¥—Ä–∞–≤–æ–æ—Ö—Ä–∞–Ω–µ–Ω–∏—è: –ª–∏–∫–≤–∏–¥–∏—Ä–æ–≤–∞—Ç—å –æ—á–µ—Ä–µ–¥–∏ –Ω–∞ –ø—Ä–∏–µ–º –∫ —É—á–∞—Å—Ç–∫–æ–≤–æ–º—É –≤—Ä–∞—á—É –∏ –ø—Ä–æ—Ñ–∏–ª—å–Ω–æ–º—É —Å–ø–µ—Ü–∏–∞–ª–∏—Å—Ç—É, —Å–¥–µ–ª–∞—Ç—å —É–¥–æ–±–Ω—ã–º –∏ –∫–æ–º—Ñ–æ—Ä—Ç–Ω—ã–º –ø–æ—Ä—è–¥–æ–∫ –ø–æ–ª—É—á–µ–Ω–∏—è —Ä–µ—Ü–µ–ø—Ç–æ–≤, –æ—Ñ–æ—Ä–º–ª–µ–Ω–∏—è –±–æ–ª—å–Ω–∏—á–Ω—ã—Ö, –∑–∞–ø–∏—Å–∏ –Ω–∞ –∏—Å—Å–ª–µ–¥–æ–≤–∞–Ω–∏—è;;1;0;0;0;–ó–¥—Ä–∞–≤–æ–æ—Ö—Ä–∞–Ω–µ–Ω–∏–µ
–ï–†;2021-08-27;–ü—Ä–æ–≥—Ä–∞–º–º–∞ –ø–∞—Ä—Ç–∏–∏;—Ä–∞–∑—Ä–∞–±–æ—Ç–∞—Ç—å –∏ —Ä–µ–∞–ª–∏–∑–æ–≤–∞—Ç—å –∞–¥—Ä–µ—Å–Ω—É—é –ø—Ä–æ–≥—Ä–∞–º–º—É –ø–æ –º–æ–¥–µ—Ä–Ω–∏–∑–∞—Ü–∏–∏ —Å—Ç–∞–Ω—Ü–∏–∏ÃÜ —Å–∫–æ—Ä–æ–∏ÃÜ –ø–æ–º–æ—â–∏, –∫–æ—Ç–æ—Ä—ã–µ –Ω–∞—Ö–æ–¥—è—Ç—Å—è –≤ –æ—Ç–¥–∞–ª–µ–Ω–Ω—ã—Ö —Ä–∞–∏ÃÜ–æ–Ω–∞—Ö;;1;1;1;1;–ó–¥—Ä–∞–≤–æ–æ—Ö—Ä–∞–Ω–µ–Ω–∏–µ
–ï–†;2021-08-27;–ü—Ä–æ–≥—Ä–∞–º–º–∞ –ø–∞—Ä—Ç–∏–∏;—Ä–∞–∑–≤–∏–≤–∞—Ç—å —Å–∏—Å—Ç–µ–º—É —Å–∞–Ω–∏—Ç–∞—Ä–Ω–æ–∏ÃÜ –∞–≤–∏–∞—Ü–∏–∏ –¥–ª—è –ø–æ–º–æ—â–∏ –ø–∞—Ü–∏–µ–Ω—Ç–∞–º, –ø—Ä–æ–∂–∏–≤–∞—é—â–∏–º –≤ —Ç—Ä—É–¥–Ω–æ–¥–æ—Å—Ç—É–ø–Ω—ã—Ö –∏ —É–¥–∞–ª–µ–Ω–Ω—ã—Ö —Ç–µ—Ä—Ä–∏—Ç–æ—Ä–∏—è—Ö;;1;1;1;1;–ó–¥—Ä–∞–≤–æ–æ—Ö—Ä–∞–Ω–µ–Ω–∏–µ
–ï–†;2021-08-27;–ü—Ä–æ–≥—Ä–∞–º–º–∞ –ø–∞—Ä—Ç–∏–∏;—Ä–∞–∑—Ä–∞–±–æ—Ç–∞—Ç—å —Å–ø–µ—Ü–∏–∞–ª—å–Ω—É—é –ø—Ä–æ–≥—Ä–∞–º–º—É –ø–æ–º–æ—â–∏ –ª—é–¥—è–º —Å—Ç–∞—Ä—à–µ–≥–æ –≤–æ–∑—Ä–∞—Å—Ç–∞, –≤–∫–ª—é—á–∞—è –ø—Ä–æ—Ñ–µ—Å—Å–∏–æ–Ω–∞–ª—å–Ω—É—é –ø–æ–¥–≥–æ—Ç–æ–≤–∫—É –∏ –≤–≤–µ–¥–µ–Ω–∏–µ –≤ —à—Ç–∞—Ç –±–æ–ª—å–Ω–∏—Ü –∏ –ø–æ–ª–∏–∫–ª–∏–Ω–∏–∫ –≤—Ä–∞—á–µ–∏ÃÜ-–≥–µ—Ä–æ–Ω—Ç–æ–ª–æ–≥–æ–≤;;1;1;1;1;–ó–¥—Ä–∞–≤–æ–æ—Ö—Ä–∞–Ω–µ–Ω–∏–µ
–ï–†;2021-08-27;–ü—Ä–æ–≥—Ä–∞–º–º–∞ –ø–∞—Ä—Ç–∏–∏;–∑–∞–ø—É—Å—Ç–∏—Ç—å –ø—Ä–æ–≥—Ä–∞–º–º—É –æ–±–µ—Å–ø–µ—á–µ–Ω–∏—è –∞–≤—Ç–æ—Ç—Ä–∞–Ω—Å–ø–æ—Ä—Ç–æ–º —Ñ–µ–ª—å–¥—à–µ—Ä–æ–≤, —Ä–∞–±–æ—Ç–∞—é—â–∏—Ö –≤ —É–¥–∞–ª–µ–Ω–Ω—ã—Ö —Ä–∞–∏ÃÜ–æ–Ω–∞—Ö –∏ –æ–∫–∞–∑—ã–≤–∞—é—â–∏—Ö –ø–æ–º–æ—â—å –∂–∏—Ç–µ–ª—è–º —Å—Ä–∞–∑—É –Ω–µ—Å–∫–æ–ª—å–∫–∏—Ö –Ω–∞—Å–µ–ª–µ–Ω–Ω—ã—Ö –ø—É–Ω–∫—Ç–æ–≤;;1;1;1;1;–ó–¥—Ä–∞–≤–æ–æ—Ö—Ä–∞–Ω–µ–Ω–∏–µ
–ï–†;2021-08-27;–ü—Ä–æ–≥—Ä–∞–º–º–∞ –ø–∞—Ä—Ç–∏–∏;–ø—Ä–µ–¥—É—Å–º–æ—Ç—Ä–µ—Ç—å –ø—Ä–µ–¥–æ—Å—Ç–∞–≤–ª–µ–Ω–∏–µ –Ω–µ–æ–±—Ö–æ–¥–∏–º—ã—Ö –∏–º (–≥—Ä–∞–∂–¥–∞–Ω–∞–º) –ª–µ–∫–∞—Ä—Å—Ç–≤ –Ω–µ–ø–æ—Å—Ä–µ–¥—Å—Ç–≤–µ–Ω–Ω–æ –≤ —Ñ–µ–ª—å–¥—à–µ—Ä—Å–∫–æ-–∞–∫—É—à–µ—Ä—Å–∫–∏—Ö –ø—É–Ω–∫—Ç–∞—Ö (—Ñ–∞–ø–∞—Ö);;1;1;1;1;–ó–¥—Ä–∞–≤–æ–æ—Ö—Ä–∞–Ω–µ–Ω–∏–µ
–ï–†;2021-08-27;–ü—Ä–æ–≥—Ä–∞–º–º–∞ –ø–∞—Ä—Ç–∏–∏;—Ä–µ–∞–ª–∏–∑–æ–≤–∞—Ç—å –ø—Ä–æ–≥—Ä–∞–º–º—É –∏–Ω—Ñ–æ—Ä–º–∏—Ä–æ–≤–∞–Ω–∏—è –∑–∞—Å—Ç—Ä–∞—Ö–æ–≤–∞–Ω–Ω—ã—Ö –≥—Ä–∞–∂–¥–∞–Ω –æ –ø—Ä–µ–¥–ø–æ–ª–∞–≥–∞–µ–º–æ–º —Ä–∞–∑–º–µ—Ä–µ —Å—Ç—Ä–∞—Ö–æ–≤–æ–∏ÃÜ –ø–µ–Ω—Å–∏–∏ –ø–æ —Å—Ç–∞—Ä–æ—Å—Ç–∏, –æ —Å—É–º–º–∞—Ö –∏—Ö –ø–µ–Ω—Å–∏–æ–Ω–Ω—ã—Ö –Ω–∞–∫–æ–ø–ª–µ–Ω–∏–∏ÃÜ –∏ –ø—Ä–∞–≤–∞—Ö –Ω–∞ –≤—ã–ø–ª–∞—Ç—ã –∑–∞ —Å—á–µ—Ç —Å—Ä–µ–¥—Å—Ç–≤ –ø–µ–Ω—Å–∏–æ–Ω–Ω—ã—Ö –Ω–∞–∫–æ–ø–ª–µ–Ω–∏–∏ÃÜ ‚Äî –≤ –∞–≤—Ç–æ–º–∞—Ç–∏—á–µ—Å–∫–æ–º —Ä–µ–∂–∏–º–µ;;1;1;1;1;–¶–∏—Ñ—Ä–æ–≤–∏–∑–∞—Ü–∏—è
–ï–†;2021-08-27;–ü—Ä–æ–≥—Ä–∞–º–º–∞ –ø–∞—Ä—Ç–∏–∏;–≤–≤–µ—Å—Ç–∏ –¥–ª—è –ª—é–¥–µ–∏ÃÜ, —Å—Ç—Ä–∞–¥–∞—é—â–∏—Ö –∑–∞–±–æ–ª–µ–≤–∞–Ω–∏—è–º–∏, –∫–æ—Ç–æ—Ä—ã–µ –ø—Ä–∏–≤–æ–¥—è—Ç –∫ —É—Ç—Ä–∞—Ç–µ –Ω–∞–≤—ã–∫–æ–≤ –ø–∏—Å—å–º–∞, –≤–∫–ª—é—á–∞—è –≤–æ–∑–º–æ–∂–Ω–æ—Å—Ç—å —Å–∞–º–æ—Å—Ç–æ—è—Ç–µ–ª—å–Ω–æ –ø–æ–¥–ø–∏—Å—ã–≤–∞—Ç—å –¥–æ–∫—É–º–µ–Ω—Ç—ã, –±–µ—Å–ø–ª–∞—Ç–Ω—É—é —ç–ª–µ–∫—Ç—Ä–æ–Ω–Ω—É—é —Ü–∏—Ñ—Ä–æ–≤—É—é –ø–æ–¥–ø–∏—Å—å;;1;1;1;1;–°–æ—Ü–∏–∞–ª—å–Ω–∞—è –ø–æ–ª–∏—Ç–∏–∫–∞
–ï–†;2021-08-27;–ü—Ä–æ–≥—Ä–∞–º–º–∞ –ø–∞—Ä—Ç–∏–∏;–≤—ã—Å—Ç—Ä–æ–∏—Ç—å —É–¥–æ–±–Ω—É—é —Å–∏—Å—Ç–µ–º—É –æ–∫–∞–∑–∞–Ω–∏—è –¥–∏—Å—Ç–∞–Ω—Ü–∏–æ–Ω–Ω—ã—Ö –ø—Å–∏—Ö–æ–ª–æ–≥–æ-–ø–µ–¥–∞–≥–æ–≥–∏—á–µ—Å–∫–∏—Ö –∫–æ–Ω—Å—É–ª—å—Ç–∞—Ü–∏–æ–Ω–Ω—ã—Ö —É—Å–ª—É–≥ –¥–ª—è —Ä–æ–¥–∏—Ç–µ–ª–µ–∏ÃÜ –¥–æ—à–∫–æ–ª—å–Ω–∏–∫–æ–≤ –∏ —à–∫–æ–ª—å–Ω–∏–∫–æ–≤;;1;1;1;1;–¶–∏—Ñ—Ä–æ–≤–∏–∑–∞—Ü–∏—è
–ï–†;2021-08-27;–ü—Ä–æ–≥—Ä–∞–º–º–∞ –ø–∞—Ä—Ç–∏–∏;–ø–æ—Å—Ç—Ä–æ–∏—Ç—å 1300 –Ω–æ–≤—ã—Ö —à–∫–æ–ª –¥–æ –∫–æ–Ω—Ü–∞ 2024 –≥–æ–¥–∞;–î–æ—Å—Ä–æ—á–Ω–æ;1;1;1;1;–û–±—Ä–∞–∑–æ–≤–∞–Ω–∏–µ
–ï–†;2021-08-27;–ü—Ä–æ–≥—Ä–∞–º–º–∞ –ø–∞—Ä—Ç–∏–∏;–≤ –ø–∞—Ä—Ç–Ω–µ—Ä—Å—Ç–≤–µ —Å –≤—ã—Å–æ–∫–æ—Ç–µ—Ö–Ω–æ–ª–æ–≥–∏—á–Ω—ã–º–∏ –æ—Ç–µ—á–µ—Å—Ç–≤–µ–Ω–Ω—ã–º–∏ –∫–æ–º–ø–∞–Ω–∏—è–º–∏ –∫–∞—Ä–¥–∏–Ω–∞–ª—å–Ω–æ –æ–±–Ω–æ–≤–∏—Ç—å, –º–æ–¥–µ—Ä–Ω–∏–∑–∏—Ä–æ–≤–∞—Ç—å –∏–Ω–∂–µ–Ω–µ—Ä–Ω–æ–µ –æ–±—Ä–∞–∑–æ–≤–∞–Ω–∏–µ –≤ —Å—Ç—Ä–∞–Ω–µ, –∑–∞–ø—É—Å—Ç–∏–≤ —Å 2022 –≥–æ–¥–∞ –ø—Ä–æ–µ–∫—Ç ¬´–≤–µ–¥—É—â–∏–µ –∏–Ω–∂–µ–Ω–µ—Ä–Ω—ã–µ —à–∫–æ–ª—ã¬ª, —É–¥–µ–ª–∏–≤ –æ—Å–æ–±–æ–µ –≤–Ω–∏–º–∞–Ω–∏–µ –ø—Ä–æ—Ä—ã–≤–Ω—ã–º –Ω–∞–ø—Ä–∞–≤–ª–µ–Ω–∏—è–º —Ä–∞–∑–≤–∏—Ç–∏—è —Ç–µ—Ö–Ω–∏–∫–∏ –∏ —Ç–µ—Ö–Ω–æ–ª–æ–≥–∏–∏ÃÜ;;1;1;1;1;–û–±—Ä–∞–∑–æ–≤–∞–Ω–∏–µ
–ï–†;2021-08-27;–ü—Ä–æ–≥—Ä–∞–º–º–∞ –ø–∞—Ä—Ç–∏–∏;–ø—Ä–µ–¥—É—Å–º–æ—Ç—Ä–µ—Ç—å —Å—É–±—Å–∏–¥–∏—Ä–æ–≤–∞–Ω–∏–µ –∞—Ä–µ–Ω–¥–Ω–æ–∏ÃÜ –ø–ª–∞—Ç—ã –¥–ª—è –æ—Ç–¥–µ–ª—å–Ω—ã—Ö –∫–∞—Ç–µ–≥–æ—Ä–∏–∏ÃÜ –≥—Ä–∞–∂–¥–∞–Ω —Å —É—á–µ—Ç–æ–º –∏—Ö –∂–∏–∑–Ω–µ–Ω–Ω–æ–∏ÃÜ —Å–∏—Ç—É–∞—Ü–∏–∏ –∏ —É—Ä–æ–≤–Ω—è –¥–æ—Ö–æ–¥–æ–≤;;1;1;1;1;–°–æ—Ü–∏–∞–ª—å–Ω–∞—è –ø–æ–ª–∏—Ç–∏–∫–∞
–ï–†;2021-08-27;–ü—Ä–æ–≥—Ä–∞–º–º–∞ –ø–∞—Ä—Ç–∏–∏;–ø–æ—Å—Ç—Ä–æ–∏—Ç—å —Ü–µ–Ω—Ç—Ä—ã –∫—É–ª—å—Ç—É—Ä–Ω–æ–≥–æ —Ä–∞–∑–≤–∏—Ç–∏—è –≤ –≥–æ—Ä–æ–¥–∞—Ö —Å —á–∏—Å–ª–æ–º –∂–∏—Ç–µ–ª–µ–∏ÃÜ –¥–æ 300 —Ç—ã—Å. —á–µ–ª–æ–≤–µ–∫;;1;1;1;1;–†–µ–≥–∏–æ–Ω–∞–ª—å–Ω–∞—è –ø–æ–ª–∏—Ç–∏–∫–∞
–ï–†;2021-08-27;–ü—Ä–æ–≥—Ä–∞–º–º–∞ –ø–∞—Ä—Ç–∏–∏;—Å–æ–∑–¥–∞—Ç—å –∏ –æ–±–µ—Å–ø–µ—á–∏—Ç—å —ç—Ñ—Ñ–µ–∫—Ç–∏–≤–Ω–æ–µ —Ñ—É–Ω–∫—Ü–∏–æ–Ω–∏—Ä–æ–≤–∞–Ω–∏–µ —Å–æ–≤—Ä–µ–º–µ–Ω–Ω–æ–∏ÃÜ —Å–∏—Å—Ç–µ–º—ã —ç–∫–æ–ª–æ–≥–∏—á–µ—Å–∫–æ–≥–æ –º–æ–Ω–∏—Ç–æ—Ä–∏–Ω–≥–∞. –∫–∞–∂–¥—ã–∏ÃÜ –≥—Ä–∞–∂–¥–∞–Ω–∏–Ω –¥–æ–ª–∂–µ–Ω –∏–º–µ—Ç—å –≤–æ–∑–º–æ–∂–Ω–æ—Å—Ç—å –¥–æ—Å—Ç—É–ø–∞ —á–µ—Ä–µ–∑ –µ–¥–∏–Ω—ã–∏ÃÜ –∏–Ω—Ñ–æ—Ä–º–∞—Ü–∏–æ–Ω–Ω—ã–∏ÃÜ —Ä–µ—Å—É—Ä—Å –≤ –∏–Ω—Ç–µ—Ä–Ω–µ—Ç–µ –∫ –¥–æ—Å—Ç–æ–≤–µ—Ä–Ω–æ–∏ÃÜ –∏ –∞–∫—Ç—É–∞–ª—å–Ω–æ–∏ÃÜ —ç–∫–æ–ª–æ–≥–∏—á–µ—Å–∫–æ–∏ÃÜ –∏–Ω—Ñ–æ—Ä–º–∞—Ü–∏–∏, –≤ —Ç–æ–º —á–∏—Å–ª–µ –æ —Å–æ—Å—Ç–æ—è–Ω–∏–∏ –∏ –∑–∞–≥—Ä—è–∑–Ω–µ–Ω–∏–∏ –∞—Ç–º–æ—Å—Ñ–µ—Ä–Ω–æ–≥–æ –≤–æ–∑–¥—É—Ö–∞ –∏ –≤–æ–¥–Ω—ã—Ö –æ–±—ä–µ–∫—Ç–æ–≤;;1;1;1;1;–≠–∫–æ–ª–æ–≥–∏—è
–ï–†;2021-08-27;–ü—Ä–æ–≥—Ä–∞–º–º–∞ –ø–∞—Ä—Ç–∏–∏;—É—Å—Ç–∞–Ω–æ–≤–∏—Ç—å –ø—Ä–∏–±–æ—Ä—ã –æ–Ω–ª–∞–∏ÃÜ–Ω-–∫–æ–Ω—Ç—Ä–æ–ª—è –≤—Ä–µ–¥–Ω—ã—Ö –≤—ã–±—Ä–æ—Å–æ–≤ –∏ —Å–±—Ä–æ—Å–æ–≤ –Ω–∞ –≤—Å–µ—Ö –∫—Ä—É–ø–Ω—ã—Ö –ø—Ä–µ–¥–ø—Ä–∏—è—Ç–∏—è—Ö-–∑–∞–≥—Ä—è–∑–Ω–∏—Ç–µ–ª—è—Ö;;1;1;1;1;–≠–∫–æ–ª–æ–≥–∏—è
–ï–†;2021-08-27;–ü—Ä–æ–≥—Ä–∞–º–º–∞ –ø–∞—Ä—Ç–∏–∏;–∑–∞–∫–æ–Ω–æ–¥–∞—Ç–µ–ª—å–Ω–æ –∑–∞–∫—Ä–µ–ø–∏—Ç—å –≤–æ–∑–º–æ–∂–Ω–æ—Å—Ç–∏ —Ä–∞—Å—Ö–æ–¥–æ–≤–∞–Ω–∏—è —ç–∫–æ–ª–æ–≥–∏—á–µ—Å–∫–∏—Ö –ø–ª–∞—Ç–µ–∂–µ–∏ÃÜ —Ç–æ–ª—å–∫–æ –Ω–∞ —Ä–µ–∞–ª–∏–∑–∞—Ü–∏—é –ø—Ä–∏—Ä–æ–¥–æ–æ—Ö—Ä–∞–Ω–Ω—ã—Ö –º–µ—Ä–æ–ø—Ä–∏—è—Ç–∏–∏ÃÜ –∏ –ª–∏–∫–≤–∏–¥–∞—Ü–∏—é –Ω–∞–Ω–µ—Å–µ–Ω–Ω–æ–≥–æ –æ–∫—Ä—É–∂–∞—é—â–µ–∏ÃÜ —Å—Ä–µ–¥–µ –≤—Ä–µ–¥–∞;;1;1;1;1;
–ï–†;2021-08-27;–ü—Ä–æ–≥—Ä–∞–º–º–∞ –ø–∞—Ä—Ç–∏–∏;—Å–æ–∑–¥–∞—Ç—å —Å–∏—Å—Ç–µ–º—É –≥–æ—Å—É–¥–∞—Ä—Å—Ç–≤–µ–Ω–Ω–æ–≥–æ –º–æ–Ω–∏—Ç–æ—Ä–∏–Ω–≥–∞ —Å–æ—Å—Ç–æ—è–Ω–∏—è –º–Ω–æ–≥–æ–ª–µ—Ç–Ω–µ–∏ÃÜ –º–µ—Ä–∑–ª–æ—Ç—ã;;1;1;1;1;–≠–∫–æ–ª–æ–≥–∏—è
–ï–†;2021-08-27;–ü—Ä–æ–≥—Ä–∞–º–º–∞ –ø–∞—Ä—Ç–∏–∏;–æ–±–µ—Å–ø–µ—á–∏—Ç—å –ø—Ä–∏–Ω—è—Ç–∏–µ –∑–∞–∫–æ–Ω–∞ ¬´–æ–± –æ–≥—Ä–∞–Ω–∏—á–µ–Ω–∏–∏ –≤—ã–±—Ä–æ—Å–æ–≤ –ø–∞—Ä–Ω–∏–∫–æ–≤—ã—Ö –≥–∞–∑–æ–≤¬ª;;1;1;1;1;–≠–∫–æ–ª–æ–≥–∏—è
–ï–†;2021-08-27;–ü—Ä–æ–≥—Ä–∞–º–º–∞ –ø–∞—Ä—Ç–∏–∏;—É—Å—Ç–∞–Ω–æ–≤–∏—Ç—å –æ—Ç–≤–µ—Ç—Å—Ç–≤–µ–Ω–Ω–æ—Å—Ç—å –∑–∞ –Ω–∞—Ä—É—à–µ–Ω–∏—è —Ç—Ä–µ–±–æ–≤–∞–Ω–∏–∏ÃÜ –≤ –æ–±–ª–∞—Å—Ç–∏ –æ–±—Ä–∞—â–µ–Ω–∏—è —Å –∂–∏–≤–æ—Ç–Ω—ã–º–∏, –≤ —Ç–æ–º —á–∏—Å–ª–µ –∑–∞ –∂–µ—Å—Ç–æ–∫–æ–µ –æ–±—Ä–∞—â–µ–Ω–∏–µ —Å –∂–∏–≤–æ—Ç–Ω—ã–º–∏, –∑–∞ –æ—Ç–∫–∞–∑ –≤–ª–∞–¥–µ–ª—å—Ü–µ–≤ –æ—Ç –∏—Å–ø–æ–ª–Ω–µ–Ω–∏—è –∏–º–∏ –æ–±—è–∑–∞–Ω–Ω–æ—Å—Ç–µ–∏ÃÜ –ø–æ —Å–æ–¥–µ—Ä–∂–∞–Ω–∏—é –∂–∏–≤–æ—Ç–Ω—ã—Ö, –≤–ø–ª–æ—Ç—å –¥–æ –∏—Ö –æ–ø—Ä–µ–¥–µ–ª–µ–Ω–∏—è –≤ –ø—Ä–∏—é—Ç;;1;1;1;1;–≠–∫–æ–ª–æ–≥–∏—è
–ï–†;2021-08-27;–ü—Ä–æ–≥—Ä–∞–º–º–∞ –ø–∞—Ä—Ç–∏–∏;–Ω–æ—Ä–º–∞—Ç–∏–≤–Ω–æ –∑–∞–∫—Ä–µ–ø–∏—Ç—å –∫–∞—Ç–µ–≥–æ—Ä–∏—é —Å—É–¥–µ–±–Ω—ã—Ö –¥–µ–ª (–≤ —á–∞—Å—Ç–Ω–æ—Å—Ç–∏, –±–µ—Å—Å–ø–æ—Ä–Ω—ã—Ö –¥–µ–ª, —Å–ø–æ—Ä–æ–≤ –Ω–∞ –Ω–µ–±–æ–ª—å—à–∏–µ —Å—É–º–º—ã –∏ —Ç.–ø.), –ø—Ä–æ–∏–∑–≤–æ–¥—Å—Ç–≤–æ –ø–æ –∫–æ—Ç–æ—Ä—ã–º –¥–æ–ª–∂–Ω–æ –æ—Å—É—â–µ—Å—Ç–≤–ª—è—Ç—å—Å—è –ø—Ä–µ–∏–º—É—â–µ—Å—Ç–≤–µ–Ω–Ω–æ –≤ –æ–Ω–ª–∞–∏ÃÜ–Ω-—Ä–µ–∂–∏–º–µ;;1;1;1;1;–¶–∏—Ñ—Ä–æ–≤–∏–∑–∞—Ü–∏—è
–ï–†;2021-08-27;–ü—Ä–æ–≥—Ä–∞–º–º–∞ –ø–∞—Ä—Ç–∏–∏;–ø—Ä–æ—Ç–∏–≤–æ–¥–µ–∏ÃÜ—Å—Ç–≤–æ–≤–∞—Ç—å –Ω–µ–ª–µ–≥–∞–ª—å–Ω–æ–∏ÃÜ –∏–º–º–∏–≥—Ä–∞—Ü–∏–∏;;1;1;1;1;–ü—Ä–∞–≤–æ–ø–æ—Ä—è–¥–æ–∫ –∏ –±–µ–∑–æ–ø–∞—Å–Ω–æ—Å—Ç—å
–ï–†;2021-08-27;–ü—Ä–æ–≥—Ä–∞–º–º–∞ –ø–∞—Ä—Ç–∏–∏;—Å–æ–∑–¥–∞—Ç—å –µ–¥–∏–Ω—ã–∏ÃÜ —Ñ–µ–¥–µ—Ä–∞–ª—å–Ω—ã–∏ÃÜ —Ü–µ–Ω—Ç—Ä –ø–æ–¥–¥–µ—Ä–∂–∫–∏ —Ñ–µ—Ä–º–µ—Ä–æ–≤;;1;1;1;1;–†–∞–∑–≤–∏—Ç–∏–µ —Å–µ–ª–∞
–ï–†;2021-08-27;–ü—Ä–æ–≥—Ä–∞–º–º–∞ –ø–∞—Ä—Ç–∏–∏;–ø—Ä–æ–¥–ª–∏—Ç—å —Å—Ä–æ–∫ –¥–µ–∏ÃÜ—Å—Ç–≤–∏—è –ø—Ä–æ–≥—Ä–∞–º–º—ã –ª—å–≥–æ—Ç–Ω–æ–≥–æ —Å–µ–ª—å—Å–∫–æ–≥–æ –∏–ø–æ—Ç–µ—á–Ω–æ–≥–æ –∫—Ä–µ–¥–∏—Ç–æ–≤–∞–Ω–∏—è –¥–æ 2030 –≥–æ–¥–∞ –∏ —É–ø—Ä–æ—Å—Ç–∏—Ç—å —É—Å–ª–æ–≤–∏—è –≤—ã–¥–∞—á–∏ –∏–ø–æ—Ç–µ–∫–∏ –Ω–∞ —Å—Ç—Ä–æ–∏—Ç–µ–ª—å—Å—Ç–≤–æ —á–∞—Å—Ç–Ω–æ–≥–æ –¥–æ–º–∞, –∞ —Ç–∞–∫–∂–µ –Ω–∞ –ø—Ä–∏–æ–±—Ä–µ—Ç–µ–Ω–∏–µ –∑–µ–º–µ–ª—å–Ω–æ–≥–æ —É—á–∞—Å—Ç–∫–∞ –¥–ª—è —Å—Ç—Ä–æ–∏—Ç–µ–ª—å—Å—Ç–≤–∞;;1;1;1;1;–†–∞–∑–≤–∏—Ç–∏–µ —Å–µ–ª–∞
–ï–†;2021-08-27;–ü—Ä–æ–≥—Ä–∞–º–º–∞ –ø–∞—Ä—Ç–∏–∏;–≤–≤–µ—Å—Ç–∏ –≤ —Å–µ–ª—å—Å–∫–∏—Ö —à–∫–æ–ª–∞—Ö —Å–ø–µ—Ü–∏–∞–ª–∏–∑–∏—Ä–æ–≤–∞–Ω–Ω—ã–µ –∞–≥—Ä–æ–∫–ª–∞—Å—Å—ã;;1;1;1;1;–†–∞–∑–≤–∏—Ç–∏–µ —Å–µ–ª–∞
–ï–†;2021-08-27;–ü—Ä–æ–≥—Ä–∞–º–º–∞ –ø–∞—Ä—Ç–∏–∏;—Å–æ–∑–¥–∞—Ç—å –º–Ω–æ–≥–æ—Ñ—É–Ω–∫—Ü–∏–æ–Ω–∞–ª—å–Ω—ã–µ —Ü–µ–Ω—Ç—Ä—ã –ª–∏—á–Ω–æ—Å—Ç–Ω–æ–≥–æ –∏ –ø—Ä–æ—Ñ–µ—Å—Å–∏–æ–Ω–∞–ª—å–Ω–æ–≥–æ —Ä–∞–∑–≤–∏—Ç–∏—è –º–æ–ª–æ–¥–µ–∂–∏ –Ω–∞ —Å–µ–ª–µ;;1;1;1;1;–†–∞–∑–≤–∏—Ç–∏–µ —Å–µ–ª–∞
–ï–†;2021-08-27;–ü—Ä–æ–≥—Ä–∞–º–º–∞ –ø–∞—Ä—Ç–∏–∏;–ø—Ä–æ–¥–ª–∏—Ç—å –ø—Ä–æ–≥—Ä–∞–º–º—É –∏–Ω—Ñ—Ä–∞—Å—Ç—Ä—É–∫—Ç—É—Ä–Ω—ã—Ö –∫—Ä–µ–¥–∏—Ç–æ–≤ –¥–æ 2026 –≥–æ–¥–∞;;1;1;1;1;–†–µ–≥–∏–æ–Ω–∞–ª—å–Ω–∞—è –ø–æ–ª–∏—Ç–∏–∫–∞
–ï–†;2021-08-27;–ü—Ä–æ–≥—Ä–∞–º–º–∞ –ø–∞—Ä—Ç–∏–∏;–æ–±–µ—Å–ø–µ—á–∏—Ç—å —Ñ–æ—Ä–º–∏—Ä–æ–≤–∞–Ω–∏–µ –¥–µ—Ü–µ–Ω—Ç—Ä–∞–ª–∏–∑–æ–≤–∞–Ω–Ω–æ–∏ÃÜ —Ä–µ–≥–∏–æ–Ω–∞–ª—å–Ω–æ–∏ÃÜ —Å–µ—Ç–∏ –∞–≤–∏–∞—Ü–∏–æ–Ω–Ω—ã—Ö –ø–µ—Ä–µ–≤–æ–∑–æ–∫ (—É—Ä–∞–ª ‚Äî —Å–∏–±–∏—Ä—å ‚Äî –¥–∞–ª—å–Ω–∏–∏ÃÜ –≤–æ—Å—Ç–æ–∫);;1;1;1;1;–†–µ–≥–∏–æ–Ω–∞–ª—å–Ω–∞—è –ø–æ–ª–∏—Ç–∏–∫–∞
–ï–†;2021-08-27;–ü—Ä–æ–≥—Ä–∞–º–º–∞ –ø–∞—Ä—Ç–∏–∏;–æ–±–µ—Å–ø–µ—á–∏—Ç—å —Å—Ç—Ä–æ–∏—Ç–µ–ª—å—Å—Ç–≤–æ –≤—ã–¥–µ–ª–µ–Ω–Ω–æ–∏ÃÜ –≤—ã—Å–æ–∫–æ—Å–∫–æ—Ä–æ—Å—Ç–Ω–æ–∏ÃÜ –∂–µ–ª–µ–∑–Ω–æ–¥–æ—Ä–æ–∂–Ω–æ–∏ÃÜ –ª–∏–Ω–∏–∏ —Å–∞–Ω–∫—Ç- –ø–µ—Ç–µ—Ä–±—É—Ä–≥‚Äî–º–æ—Å–∫–≤–∞ –∏ –º–µ–∂—Ä–µ–≥–∏–æ–Ω–∞–ª—å–Ω–æ–∏ÃÜ –¥–æ—Ä–æ–∂–Ω–æ–∏ÃÜ —Å–µ—Ç–∏, –≤ —Ç–æ–º —á–∏—Å–ª–µ —Å–∫–æ—Ä–æ—Å—Ç–Ω–æ–∏ÃÜ –∞–≤—Ç–æ–º–æ–±–∏–ª—å–Ω–æ–∏ÃÜ –¥–æ—Ä–æ–≥–∏ ¬´–º–æ—Å–∫–≤–∞ ‚Äî –Ω–∏–∂–Ω–∏–∏ÃÜ –Ω–æ–≤–≥–æ—Ä–æ–¥ ‚Äî –∫–∞–∑–∞–Ω—å¬ª, —Å –ø—Ä–æ–¥–ª–µ–Ω–∏–µ–º –µ–µ –¥–æ –µ–∫–∞—Ç–µ—Ä–∏–Ω–±—É—Ä–≥–∞, –∞ –≤ –¥–∞–ª—å–Ω–µ–∏ÃÜ—à–µ–º –∏ –¥–æ —Ç—é–º–µ–Ω–∏;;1;1;1;1;–≠–∫–æ–Ω–æ–º–∏–∫–∞ –∏ –∏–Ω—Ñ—Ä–∞—Å—Ç—Ä—É–∫—Ç—É—Ä–∞
–ï–†;2021-08-27;–ü—Ä–æ–≥—Ä–∞–º–º–∞ –ø–∞—Ä—Ç–∏–∏;–æ–±–µ—Å–ø–µ—á–∏—Ç—å —Ä–∞–∑–≤–∏—Ç–∏–µ –≤—Å–µ—Ä–æ—Å—Å–∏–∏ÃÜ—Å–∫–æ–∏ÃÜ –ø—Ä–æ–≥—Ä–∞–º–º—ã —Å—Ç—É–¥–µ–Ω—á–µ—Å–∫–æ–≥–æ —Ç—É—Ä–∏–∑–º–∞, –∫–æ—Ç–æ—Ä–∞—è –±—É–¥–µ—Ç –ø—Ä–µ–¥—É—Å–º–∞—Ç—Ä–∏–≤–∞—Ç—å –ø—Ä–æ–∂–∏–≤–∞–Ω–∏–µ –≤ –æ–±—â–µ–∂–∏—Ç–∏—è—Ö –¥—Ä—É–≥–∏—Ö —Ä–µ–≥–∏–æ–Ω–æ–≤ –¥–ª—è —Å—Ç—É–¥–µ–Ω—Ç–æ–≤, –æ—Ç–ø—Ä–∞–≤–ª—è—é—â–∏—Ö—Å—è –ª–µ—Ç–æ–º –ø—É—Ç–µ—à–µ—Å—Ç–≤–æ–≤–∞—Ç—å –ø–æ —Å—Ç—Ä–∞–Ω–µ;;1;1;1;1;–°–æ—Ü–∏–∞–ª—å–Ω–∞—è –ø–æ–ª–∏—Ç–∏–∫–∞
–ï–†;2021-08-27;–ü—Ä–æ–≥—Ä–∞–º–º–∞ –ø–∞—Ä—Ç–∏–∏;–æ–±–µ—Å–ø–µ—á–∏—Ç—å –∏–∑—É—á–µ–Ω–∏–µ –∏—Å—Ç–æ—Ä–∏–∏ —Ä–æ—Å—Å–∏–∏ –≤ –≤—É–∑–∞—Ö –Ω–∞ –ø—Ä–æ—Ç—è–∂–µ–Ω–∏–∏ –Ω–µ –º–µ–Ω–µ–µ –¥–≤—É—Ö —Å–µ–º–µ—Å—Ç—Ä–æ–≤;;1;1;1;1;–û–±—Ä–∞–∑–æ–≤–∞–Ω–∏–µ
newpeople;2021-08-23;–ü—Ä–æ–≥—Ä–∞–º–º–∞ –ø–∞—Ä—Ç–∏–∏;—Å–Ω–∏–∑–∏—Ç—å –±–∞—Ä—å–µ—Ä –ø—Ä–æ—Ö–æ–∂–¥–µ–Ω–∏—è –≤ –≥–æ—Å—É–¥–∞—Ä—Å—Ç–≤–µ–Ω–Ω—É—é –¥—É–º—É —Å 5% –¥–æ 1%;;1;1;1;0;–ü–æ–ª–∏—Ç–∏—á–µ—Å–∫–æ–µ —É—Å—Ç—Ä–æ–π—Å—Ç–≤–æ
newpeople;2021-08-23;–ü—Ä–æ–≥—Ä–∞–º–º–∞ –ø–∞—Ä—Ç–∏–∏;–ø—Ä–µ–¥—Å—Ç–∞–≤–∏—Ç–µ–ª—å–Ω—ã–µ –æ—Ä–≥–∞–Ω—ã –≤–ª–∞—Å—Ç–∏ –∏–∑–±–∏—Ä–∞—Ç—å —Ç–æ–ª—å–∫–æ –ø–æ –ø—Ä–æ–ø–æ—Ä—Ü–∏–æ–Ω–∞–ª—å–Ω–æ–º—É –ø—Ä–∏–Ω—Ü–∏–ø—É, —á—Ç–æ–±—ã –∏–∑–±–µ–∂–∞—Ç—å –¥–æ–º–∏–Ω–∏—Ä–æ–≤–∞–Ω–∏—è –æ–¥–Ω–æ–π –ø–∞—Ä—Ç–∏–∏;;1;1;1;0.5;–ü–æ–ª–∏—Ç–∏—á–µ—Å–∫–æ–µ —É—Å—Ç—Ä–æ–π—Å—Ç–≤–æ
newpeople;2021-08-23;–ü—Ä–æ–≥—Ä–∞–º–º–∞ –ø–∞—Ä—Ç–∏–∏;—Å–¥–µ–ª–∞—Ç—å —Å–æ–æ–±—â–µ—Å—Ç–≤–∞ –Ω–æ–≤—ã–º–∏ –ø–æ–ª–∏—Ç–∏—á–µ—Å–∫–∏–º–∏ —Å—É–±—ä–µ–∫—Ç–∞–º–∏;;1;1;1;0;–ü–æ–ª–∏—Ç–∏—á–µ—Å–∫–æ–µ —É—Å—Ç—Ä–æ–π—Å—Ç–≤–æ
newpeople;2021-08-23;–ü—Ä–æ–≥—Ä–∞–º–º–∞ –ø–∞—Ä—Ç–∏–∏;–ø—Ä–æ–≤–æ–¥–∏—Ç—å –º–∏–∫—Ä–æ—Ä–µ—Ñ–µ—Ä–µ–Ω–¥—É–º—ã –ø–æ –∫–ª—é—á–µ–≤—ã–º –≤–æ–ø—Ä–æ—Å–∞–º;–í —Ä–µ–≥–∏–æ–Ω–∞—Ö;1;1;0;0.5;–ü–æ–ª–∏—Ç–∏—á–µ—Å–∫–æ–µ —É—Å—Ç—Ä–æ–π—Å—Ç–≤–æ
newpeople;2021-08-23;–ü—Ä–æ–≥—Ä–∞–º–º–∞ –ø–∞—Ä—Ç–∏–∏;–≤–≤–µ—Å—Ç–∏ –ø–µ–Ω—Å–∏–æ–Ω–Ω—ã–π –∫—ç—à–±—ç–∫;;1;1;1;0.5;–°–æ—Ü–∏–∞–ª—å–Ω–∞—è –ø–æ–ª–∏—Ç–∏–∫–∞
newpeople;2021-08-23;–ü—Ä–æ–≥—Ä–∞–º–º–∞ –ø–∞—Ä—Ç–∏–∏;–≤–≤–µ—Å—Ç–∏ –Ω–∞–ª–æ–≥–æ–≤—ã–µ –ª—å–≥–æ—Ç—ã –∑–∞ —Ç—Ä—É–¥–æ—É—Å—Ç—Ä–æ–π—Å—Ç–≤–æ –≤—ã–ø—É—Å–∫–Ω–∏–∫–æ–≤;–ß—É–∂–∞—è –∏–Ω–∏—Ü–∏–∞—Ç–∏–≤–∞;1;1;1;1;–¢—Ä—É–¥ –∏ –∑–∞–Ω—è—Ç–æ—Å—Ç—å
newpeople;2021-08-23;–ü—Ä–æ–≥—Ä–∞–º–º–∞ –ø–∞—Ä—Ç–∏–∏;—Ä–∞—Å—Ö–æ–¥—ã —á–∞—Å—Ç–Ω—ã—Ö –∫–æ–º–ø–∞–Ω–∏–π –Ω–∞ –Ω–∞—É—á–Ω–æ-–∏—Å—Å–ª–µ–¥–æ–≤–∞—Ç–µ–ª—å—Å–∫–∏–µ –∏ –æ–ø—ã—Ç–Ω–æ-–∫–æ–Ω—Å—Ç—Ä—É–∫—Ç–æ—Ä—Å–∫–∏–µ —Ä–∞–±–æ—Ç—ã (–Ω–∏–æ–∫—Ä) –ø—Ä–∏–Ω–∏–º–∞—Ç—å –≤ –∑–∞—á–µ—Ç –ø—Ä–∏ –≤—ã–ø–ª–∞—Ç–µ –Ω–∞–ª–æ–≥–æ–≤ ;;1;1;1;0;–≠–∫–æ–Ω–æ–º–∏–∫–∞ –∏ –∏–Ω—Ñ—Ä–∞—Å—Ç—Ä—É–∫—Ç—É—Ä–∞
newpeople;2021-08-23;–ü—Ä–æ–≥—Ä–∞–º–º–∞ –ø–∞—Ä—Ç–∏–∏;—Ä–∞—Å–ø—Ä–æ—Å—Ç—Ä–∞–Ω–∏—Ç—å –Ω–∞ –≤—Å—é —Å—Ç—Ä–∞–Ω—É –ø—Ä–µ–¥–ª–æ–∂–µ–Ω–Ω—É—é –ø–∞—Ä—Ç–∏–µ–∏ÃÜ –ø—Ä–æ–≥—Ä–∞–º–º—É ¬´–±–µ—Ä–µ–∂–ª–∏–≤–æ–µ –∂–∫—Ö¬ª, –ø–æ–∑–≤–æ–ª—è—é—â—É—é –∑–∞ —Å—á–µ—Ç —Ç–µ—Ö–Ω–æ–ª–æ–≥–∏–∏ÃÜ —ç–Ω–µ—Ä–≥–æ—Å–±–µ—Ä–µ–∂–µ–Ω–∏—è —ç–∫–æ–Ω–æ–º–∏—Ç—å –¥–æ 25% —Ä–∞—Å—Ö–æ–¥–æ–≤ –Ω–∞ ¬´–∫–æ–º–º—É–Ω–∞–ª–∫—É¬ª;–ü—Ä–µ–¥—Å—Ç–∞–≤–∏–ª–∏ —Å–≤–æ–π –ø—Ä–æ–µ–∫—Ç;1;1;1;0.5;–≠–∫–æ–Ω–æ–º–∏–∫–∞ –∏ –∏–Ω—Ñ—Ä–∞—Å—Ç—Ä—É–∫—Ç—É—Ä–∞
newpeople;2021-08-23;–ü—Ä–æ–≥—Ä–∞–º–º–∞ –ø–∞—Ä—Ç–∏–∏;–æ—Ç–º–µ–Ω–∏—Ç—å 44-—Ñ–∑;;1;1;1;0;–≠–∫–æ–Ω–æ–º–∏–∫–∞ –∏ –∏–Ω—Ñ—Ä–∞—Å—Ç—Ä—É–∫—Ç—É—Ä–∞
newpeople;2021-08-23;–ü—Ä–æ–≥—Ä–∞–º–º–∞ –ø–∞—Ä—Ç–∏–∏;–∑–∞ —ç–∫–æ–Ω–æ–º–∏—á–µ—Å–∫–∏–µ –ø—Ä–µ—Å—Ç—É–ø–ª–µ–Ω–∏—è –Ω–∞–∫–∞–∑—ã–≤–∞—Ç—å —Ç–æ–ª—å–∫–æ —ç–∫–æ–Ω–æ–º–∏—á–µ—Å–∫–∏;;1;1;1;0;–≠–∫–æ–Ω–æ–º–∏–∫–∞ –∏ –∏–Ω—Ñ—Ä–∞—Å—Ç—Ä—É–∫—Ç—É—Ä–∞
newpeople;2021-08-23;–ü—Ä–æ–≥—Ä–∞–º–º–∞ –ø–∞—Ä—Ç–∏–∏;–Ω–µ –∑–∞–∫–ª—é—á–∞—Ç—å –ø–æ–¥ —Å—Ç—Ä–∞–∂—É –Ω–∞ —ç—Ç–∞–ø–µ —Å–ª–µ–¥—Å—Ç–≤–∏—è –æ–±–≤–∏–Ω—è–µ–º—ã—Ö –≤ —ç–∫–æ–Ω–æ–º–∏—á–µ—Å–∫–∏—Ö –ø—Ä–µ—Å—Ç—É–ø–ª–µ–Ω–∏—è—Ö;;1;1;1;0.5;–≠–∫–æ–Ω–æ–º–∏–∫–∞ –∏ –∏–Ω—Ñ—Ä–∞—Å—Ç—Ä—É–∫—Ç—É—Ä–∞
newpeople;2021-08-23;–ü—Ä–æ–≥—Ä–∞–º–º–∞ –ø–∞—Ä—Ç–∏–∏;—É—Å–∏–ª–∏—Ç—å –Ω–µ–∑–∞–≤–∏—Å–∏–º—ã–π –∫–æ–Ω—Ç—Ä–æ–ª—å –∑–∞ –ø—Ä–∞–≤–æ–æ—Ö—Ä–∞–Ω–∏—Ç–µ–ª—å–Ω—ã–º–∏ –æ—Ä–≥–∞–Ω–∞–º–∏, –≤–∫–ª—é—á–∞—è –ø—Ä–æ–≤–µ–¥–µ–Ω–∏–µ –ø–∞—Ä–ª–∞–º–µ–Ω—Ç—Å–∫–∏—Ö —Ä–∞—Å—Å–ª–µ–¥–æ–≤–∞–Ω–∏–π;;1;1;1;0;–ü—Ä–∞–≤–æ–ø–æ—Ä—è–¥–æ–∫ –∏ –±–µ–∑–æ–ø–∞—Å–Ω–æ—Å—Ç—å
newpeople;2021-08-23;–ü—Ä–æ–≥—Ä–∞–º–º–∞ –ø–∞—Ä—Ç–∏–∏;—Å–æ–∫—Ä–∞—Ç–∏—Ç—å —Ü–µ–Ω—Ç—Ä–∞–ª—å–π –∞–ø–ø–∞—Ä–∞—Ç –º–≤–¥;"	–ü–µ—Ä–µ–¥–∞—Ç—å –¥–æ–ø–æ–ª–Ω–∏—Ç–µ–ª—å–Ω—ã–µ –ø–æ–ª–Ω–æ–º–æ—á–∏—è –Ω–∞ ¬´–∑–µ–º–ª—é¬ª ‚Äì —É—á–∞—Å—Ç–∫–æ–≤—ã–º –∏ –æ–ø–µ—Ä—É–ø–æ–ª–Ω–æ–º–æ—á–µ–Ω–Ω—ã–º. –≠—Ç–æ –ø–æ–∑–≤–æ–ª–∏—Ç —Å–æ—Ç—Ä—É–¥–Ω–∏–∫–∞–º –Ω–∞ –º–µ—Å—Ç–∞—Ö –Ω–∞–∫–æ–Ω–µ—Ü –ø–µ—Ä–µ–∫–ª—é—á–∏—Ç—å—Å—è —Å —Ä–∞–±–æ—Ç—ã –¥–ª—è –Ω–∞—á–∞–ª—å–Ω–∏–∫–æ–≤ –Ω–∞ —Ä–∞–±–æ—Ç—É –¥–ª—è –ª—é–¥–µ–∏ÃÜ. 
";1;1;1;0;–ü—Ä–∞–≤–æ–ø–æ—Ä—è–¥–æ–∫ –∏ –±–µ–∑–æ–ø–∞—Å–Ω–æ—Å—Ç—å
newpeople;2021-08-23;–ü—Ä–æ–≥—Ä–∞–º–º–∞ –ø–∞—Ä—Ç–∏–∏;–≤–≤–µ—Å—Ç–∏ –Ω–æ–≤—É—é —Å–∏—Å—Ç–µ–º—É –ø–æ–ª–∏—Ü–µ–π—Å–∫–æ–π –æ—Ç—á–µ—Ç–Ω–æ—Å—Ç–∏;"	–°–Ω–∏–∑–∏—Ç—å –∫–æ–ª–∏—á–µ—Å—Ç–≤–æ –æ—Ç—á–µ—Ç–æ–≤, —á—Ç–æ–±—ã —É —É—á–∞—Å—Ç–∫–æ–≤—ã—Ö, –æ–ø–µ—Ä—É–ø–æ–ª–Ω–æ–º–æ—á–µ–Ω–Ω—ã—Ö –∏ —Å–ª–µ–¥–æ–≤–∞—Ç–µ–ª–µ–∏ÃÜ –æ—Å—Ç–∞–≤–∞–ª–æ—Å—å –±–æ–ª—å—à–µ –≤—Ä–µ–º–µ–Ω–∏ –Ω–∞ —Ä–µ–∞–ª—å–Ω—É—é –±–æ—Ä—å–±—É —Å –ø—Ä–∞–≤–æ–Ω–∞—Ä—É—à–µ–Ω–∏—è–º–∏. –û—Ç–∫–∞–∑–∞—Ç—å—Å—è –æ—Ç –ø–ª–∞–Ω–æ–≤—ã—Ö –ø–æ–∫–∞–∑–∞—Ç–µ–ª–µ–∏ÃÜ —Ä–∞—Å–∫—Ä—ã–≤–∞–µ–º–æ—Å—Ç–∏ (¬´–ø–∞–ª–æ–∫¬ª), –ø–µ—Ä–µ–∏ÃÜ—Ç–∏ –∫ –ø—É–±–ª–∏–∫–∞—Ü–∏–∏ —Ä–µ–∞–ª—å–Ω–æ–∏ÃÜ —Å—Ç–∞—Ç–∏—Å—Ç–∏–∫–∏ –ø–æ —Ä–∞—Å–∫—Ä—ã—Ç—ã–º –∏ —Å–æ–≤–µ—Ä—à–µ–Ω–Ω—ã–º –ø—Ä–µ—Å—Ç—É–ø–ª–µ–Ω–∏—è–º, –≤–≤–µ—Å—Ç–∏ –º–æ—Ç–∏–≤–∞—Ü–∏—é —Å–æ—Ç—Ä—É–¥–Ω–∏–∫–æ–≤ –Ω–∞ —Å–Ω–∏–∂–µ–Ω–∏–µ –ø—Ä–∞–≤–æ–Ω–∞—Ä—É—à–µ–Ω–∏–∏ÃÜ. 
";1;1;1;0.5;–ü—Ä–∞–≤–æ–ø–æ—Ä—è–¥–æ–∫ –∏ –±–µ–∑–æ–ø–∞—Å–Ω–æ—Å—Ç—å
newpeople;2021-08-23;–ü—Ä–æ–≥—Ä–∞–º–º–∞ –ø–∞—Ä—Ç–∏–∏;–≤–µ—Ä–Ω—É—Ç—å —Å–ª–µ–¥—Å—Ç–≤–∏–µ –≤ —Å–æ—Å—Ç–∞–≤ –ø—Ä–æ–∫—É—Ä–∞—Ç—É—Ä—ã;"	–£ –≤–µ–¥–æ–º—Å—Ç–≤ –∏—Å—á–µ–∑–Ω—É—Ç –¥—É–±–ª–∏—Ä—É—é—â–∏–µ —Ñ—É–Ω–∫—Ü–∏–∏, –ø–æ–≤—ã—Å–∏—Ç—Å—è –æ–±—â–µ–µ –∫–∞—á–µ—Å—Ç–≤–æ —Å–ª–µ–¥—Å—Ç–≤–∏—è, –∞ –ø—Ä–æ–∫—É—Ä–∞—Ç—É—Ä–∞ —Å–º–æ–∂–µ—Ç —É—Å–∏–ª–∏—Ç—å –Ω–∞–¥–∑–æ—Ä –∑–∞ —Ä–∞—Å—Å–ª–µ–¥–æ–≤–∞–Ω–∏–µ–º —É–≥–æ–ª–æ–≤–Ω—ã—Ö –¥–µ–ª. 
";1;1;1;0;–ü—Ä–∞–≤–æ–ø–æ—Ä—è–¥–æ–∫ –∏ –±–µ–∑–æ–ø–∞—Å–Ω–æ—Å—Ç—å
newpeople;2021-08-23;–ü—Ä–æ–≥—Ä–∞–º–º–∞ –ø–∞—Ä—Ç–∏–∏;–æ—Ç–º–µ–Ω–∏—Ç—å —Å—Ä–æ–∫–∏ –∑–∞ –Ω–µ—Ç—è–∂–∫–∏–µ –ø—Ä–µ—Å—Ç—É–ø–ª–µ–Ω–∏—è;"–í–º–µ—Å—Ç–æ –ª–∏—à–µ–Ω–∏—è —Å–≤–æ–±–æ–¥—ã –Ω–∞–ø—Ä–∞–≤–ª—è—Ç—å –Ω–∞ –æ–±—â–µ—Å—Ç–≤–µ–Ω–Ω—ã–µ —Ä–∞–±–æ—Ç—ã.
";1;1;1;1;–ü—Ä–∞–≤–æ–ø–æ—Ä—è–¥–æ–∫ –∏ –±–µ–∑–æ–ø–∞—Å–Ω–æ—Å—Ç—å
newpeople;2021-08-23;–ü—Ä–æ–≥—Ä–∞–º–º–∞ –ø–∞—Ä—Ç–∏–∏;–æ—Å–≤–æ–±–æ–¥–∏—Ç—å –∏–∑ –º–µ—Å—Ç –∑–∞–∫–ª—é—á–µ–Ω–∏—è –≤—Å–µ—Ö –æ—Å—É–∂–¥–µ–Ω–Ω—ã—Ö –ø–æ —ç–∫–æ–Ω–æ–º–∏—á–µ—Å–∫–∏–º —Å—Ç–∞—Ç—å—è–º;–ê–º–Ω–∏—Å—Ç–∏—è;1;1;1;0.5;–ü—Ä–∞–≤–æ–ø–æ—Ä—è–¥–æ–∫ –∏ –±–µ–∑–æ–ø–∞—Å–Ω–æ—Å—Ç—å
newpeople;2021-08-23;–ü—Ä–æ–≥—Ä–∞–º–º–∞ –ø–∞—Ä—Ç–∏–∏;—Ä–∞—Å—à–∏—Ä–∏—Ç—å —É—á–∞—Å—Ç–∏–µ –ø—Ä–∏—Å—è–∂–Ω—ã—Ö –∑–∞—Å–µ–¥–∞—Ç–µ–ª–µ–π –≤ —Å—É–¥–∞—Ö;–≤—Å–µ —É–≥–æ–ª–æ–≤–Ω—ã–µ –¥–µ–ª–∞ –¥–æ–ª–∂–µ–Ω —Ä–∞—Å—Å–º–∞—Ç—Ä–∏–≤–∞—Ç—å —Å—É–¥ –ø—Ä–∏—Å—è–∂–Ω—ã—Ö –±–µ–∑ –≤–æ–∑–º–æ–∂–Ω–æ—Å—Ç–∏ –ø–æ—Å–ª–µ–¥—É—é—â–µ–∏ÃÜ –æ—Ç–º–µ–Ω—ã –ø—Ä–∏–≥–æ–≤–æ—Ä–∞ ;1;1;1;0;–ü—Ä–∞–≤–æ–ø–æ—Ä—è–¥–æ–∫ –∏ –±–µ–∑–æ–ø–∞—Å–Ω–æ—Å—Ç—å
newpeople;2021-08-23;–ü—Ä–æ–≥—Ä–∞–º–º–∞ –ø–∞—Ä—Ç–∏–∏;—É–∂–µ—Å—Ç–æ—á–∏—Ç—å –Ω–∞–∫–∞–∑–∞–Ω–∏–µ –∑–∞ –Ω–µ–∑–∞–∫–æ–Ω–Ω–æ–µ —É–≥–æ–ª–æ–≤–Ω–æ–µ –ø—Ä–µ—Å–ª–µ–¥–æ–≤–∞–Ω–∏–µ;"	–ó–∞ –∫–∞–∂–¥–æ–≥–æ –Ω–µ—Å–ø—Ä–∞–≤–µ–¥–ª–∏–≤–æ –æ—Ç–ø—Ä–∞–≤–ª–µ–Ω–Ω–æ–≥–æ –≤ —Ç—é—Ä—å–º—É —á–µ–ª–æ–≤–µ–∫–∞ –¥–æ–ª–∂–Ω–æ –±—ã—Ç—å —É–≥–æ–ª–æ–≤–Ω–æ–µ –ø—Ä–µ—Å–ª–µ–¥–æ–≤–∞–Ω–∏–µ —Å—Ñ–∞–±—Ä–∏–∫–æ–≤–∞–≤—à–µ–≥–æ –¥–µ–ª–æ —Å–∏–ª–æ–≤–∏–∫–∞ 
";1;1;1;0.5;–ü—Ä–∞–≤–æ–ø–æ—Ä—è–¥–æ–∫ –∏ –±–µ–∑–æ–ø–∞—Å–Ω–æ—Å—Ç—å
newpeople;2021-08-23;–ü—Ä–æ–≥—Ä–∞–º–º–∞ –ø–∞—Ä—Ç–∏–∏;–≤–≤–µ—Å—Ç–∏ —Å—Ç—Ä–æ–≥–∏–π –∫–æ–Ω—Ç—Ä–æ–ª—å –∑–∞ –ø—Ä–æ–¥—É–∫—Ç–æ–≤—ã–º —Ä—ã–Ω–∫–æ–º;"	–í –ø—Ä–æ–¥—É–∫—Ç–∞—Ö –ø–∏—Ç–∞–Ω–∏—è –Ω–µ –¥–æ–ª–∂–Ω–æ –±—ã—Ç—å –≤—Ä–µ–¥–Ω—ã—Ö –≤–µ—â–µ—Å—Ç–≤ (–∞–Ω—Ç–∏–±–∏–æ—Ç–∏–∫–æ–≤, —Ç—Ä–∞–Ω—Å–∂–∏—Ä–æ–≤ –∏ –≥–æ—Ä–º–æ–Ω–æ–≤ —Ä–æ—Å—Ç–∞). 
";1;1;0;0;–ó–¥—Ä–∞–≤–æ–æ—Ö—Ä–∞–Ω–µ–Ω–∏–µ
newpeople;2021-08-23;–ü—Ä–æ–≥—Ä–∞–º–º–∞ –ø–∞—Ä—Ç–∏–∏;–æ–±–µ—Å–ø–µ—á–∏—Ç—å –º–µ–¥—Ä–∞–±–æ—Ç–Ω–∏–∫–æ–≤ –±–µ—Å–ø–ª–∞—Ç–Ω—ã–º –∂–∏–ª—å–µ–º;"	–ì–æ—Å–ø—Ä–æ–≥—Ä–∞–º–º–∞ –ø–æ –ø—Ä–µ–¥–æ—Å—Ç–∞–≤–ª–µ–Ω–∏—é –º–µ–¥—Ä–∞–±–æ—Ç–Ω–∏–∫–∞–º —Å–ª—É–∂–µ–±–Ω–æ–≥–æ –∂–∏–ª—å—è —Å –ø—Ä–∞–≤–æ–º –ø—Ä–∏–≤–∞—Ç–∏–∑–∞—Ü–∏–∏ –Ω–∞ –ª—å–≥–æ—Ç–Ω—ã—Ö —É—Å–ª–æ–≤–∏—è—Ö —á–µ—Ä–µ–∑ 10 –ª–µ—Ç —Ä–∞–±–æ—Ç—ã –ø–æ —Å–ø–µ—Ü–∏–∞–ª—å–Ω–æ—Å—Ç–∏ –≤ —Ä–æ–¥–Ω–æ–º –≥–æ—Ä–æ–¥–µ/—Ä–µ–≥–∏–æ–Ω–µ. 
";1;1;1;0;–ó–¥—Ä–∞–≤–æ–æ—Ö—Ä–∞–Ω–µ–Ω–∏–µ
newpeople;2021-08-23;–ü—Ä–æ–≥—Ä–∞–º–º–∞ –ø–∞—Ä—Ç–∏–∏;—Ä–∞–∑–≤–∏–≤–∞—Ç—å –¥–∏—Å—Ç–∞–Ω—Ü–∏–æ–Ω–Ω—É—é –º–µ–¥–∏—Ü–∏–Ω—É;"–†–∞–∑—Ä–µ—à–∏—Ç—å –ø—Ä–æ–∏–∑–≤–æ–¥–∏—Ç—å —Å –ø–æ–º–æ—â—å—é –¥–∏—Å—Ç–∞–Ω—Ü–∏–æ–Ω–Ω—ã—Ö —Ñ–æ—Ä–º –º–µ–¥–∏—Ü–∏–Ω—ã –ø–æ—Å—Ç–∞–Ω–æ–≤–∫—É –¥–∏–∞–≥–Ω–æ–∑–∞ –∏ –Ω–∞–∑–Ω–∞—á–µ–Ω–∏–µ –ª–µ—á–µ–Ω–∏—è, –≤—ã–ø–∏—Å–∫—É —Ä–µ—Ü–µ–ø—Ç—É—Ä–Ω—ã—Ö –∏ –±–µ–∑—Ä–µ—Ü–µ–ø—Ç—É—Ä–Ω—ã—Ö –ø—Ä–µ–ø–∞—Ä–∞—Ç–æ–≤, —ç–ª–µ–∫—Ç—Ä–æ–Ω–Ω—ã—Ö –±–æ–ª—å–Ω–∏—á–Ω—ã—Ö –ª–∏—Å—Ç–æ–≤ –∏ –ø—Ä. –ò—Å–∫–ª—é—á–∏—Ç—å –æ–±—è–∑–∞—Ç–µ–ª—å–Ω–æ–µ —Ç—Ä–µ–±–æ–≤–∞–Ω–∏–µ –¥–ª—è –≤—Ä–∞—á–∞ –æ –Ω–∞—Ö–æ–∂–¥–µ–Ω–∏–∏ –µ–≥–æ –≤ –º–µ–¥–∏—Ü–∏–Ω—Å–∫–æ–º –∫–∞–±–∏–Ω–µ—Ç–µ –ø—Ä–∏ –æ–∫–∞–∑–∞–Ω–∏–∏ –¥–∏—Å—Ç–∞–Ω—Ü–∏–æ–Ω–Ω—ã—Ö –º–µ–¥–∏—Ü–∏–Ω—Å–∫–∏—Ö –∫–æ–Ω—Å—É–ª—å—Ç–∞—Ü–∏–∏ÃÜ
";1;1;1;1;–ó–¥—Ä–∞–≤–æ–æ—Ö—Ä–∞–Ω–µ–Ω–∏–µ
newpeople;2021-08-23;–ü—Ä–æ–≥—Ä–∞–º–º–∞ –ø–∞—Ä—Ç–∏–∏;–æ—Ç–∫—Ä—ã—Ç—å —Ü–µ–Ω—Ç—Ä—ã –ø–æ–¥—Ä–æ—Å—Ç–∫–æ–≤–æ–π –∑–∞–Ω—è—Ç–æ—Å—Ç–∏;;1;1;1;1;–û–±—Ä–∞–∑–æ–≤–∞–Ω–∏–µ
newpeople;2021-08-23;–ü—Ä–æ–≥—Ä–∞–º–º–∞ –ø–∞—Ä—Ç–∏–∏;–ø—Ä–µ–¥–æ—Å—Ç–∞–≤–∏—Ç—å –∞–≤—Ç–æ–Ω–æ–º–∏—é —É–Ω–∏–≤–µ—Ä—Å–∏—Ç–µ—Ç–∞–º;;1;1;1;0;–û–±—Ä–∞–∑–æ–≤–∞–Ω–∏–µ
newpeople;2021-08-23;–ü—Ä–æ–≥—Ä–∞–º–º–∞ –ø–∞—Ä—Ç–∏–∏;–≤—ã–±–∏—Ä–∞—Ç—å —Ä–µ–∫—Ç–æ—Ä–æ–≤ –≤—É–∑–æ–≤ –∏ –¥–∏—Ä–µ–∫—Ç–æ—Ä–æ–≤ —à–∫–æ–ª, –¥–µ—Ç—Å–∫–∏—Ö —Å–∞–¥–æ–≤, —à–∫–æ–ª –∏—Å–∫—É—Å—Å—Ç–≤–∞;;1;1;1;0;–û–±—Ä–∞–∑–æ–≤–∞–Ω–∏–µ
newpeople;2021-08-23;–ü—Ä–æ–≥—Ä–∞–º–º–∞ –ø–∞—Ä—Ç–∏–∏;–Ω–∞—á–∏—Å–ª—è—Ç—å –±–∞–ª–ª—ã –∑–∞ —Ä–∞–∑–¥–µ–ª—å–Ω—ã–π —Å–±–æ—Ä –º—É—Å–æ—Ä–∞;;1;1;1;0;–≠–∫–æ–ª–æ–≥–∏—è
kprf;2021-07-01;–ü—Ä–æ–≥—Ä–∞–º–º–∞ –ø–∞—Ä—Ç–∏–∏;—Ä–∞–∑–≤–∏—Ç–∏–µ —Ç—Ä–∞–Ω—Å–ø–æ—Ä—Ç–Ω–æ–π –∏–Ω—Ñ—Ä–∞—Å—Ç—É–∫—Ç—É—Ä—ã;–†–æ—Å—Å–∏–∏ –Ω—É–∂–Ω–∞ –æ–±–Ω–æ–≤–ª–µ–Ω–Ω–∞—è –∏–Ω—Ñ—Ä–∞—Å—Ç—Ä—É–∫—Ç—É—Ä–∞ –≤—Å–µ—Ö –≤–∏–¥–æ–≤ —Ç—Ä–∞–Ω—Å–ø–æ—Ä—Ç–∞ ‚Äì –∂–µ–ª–µ–∑–Ω–æ–¥–æ—Ä–æ–∂–Ω–æ–≥–æ, –≤–æ–∑–¥—É—à–Ω–æ–≥–æ, –º–æ—Ä—Å–∫–æ–≥–æ –∏ —Ä–µ—á–Ω–æ–≥–æ. –û—Å–æ–±–æ–µ –≤–Ω–∏–º–∞–Ω–∏–µ —Å–ª–µ–¥—É–µ—Ç —É–¥–µ–ª–∏—Ç—å –º–∞–ª–æ–π –∞–≤–∏–∞—Ü–∏–∏. –°—Ä–µ–¥—Å—Ç–≤–∞ —Ç—Ä–∞–Ω—Å–ø–æ—Ä—Ç–∞ –†–æ—Å—Å–∏—è –¥–æ–ª–∂–Ω–∞ –ø—Ä–æ–∏–∑–≤–æ–¥–∏—Ç—å, –∞ –Ω–µ –∑–∞–∫—É–ø–∞—Ç—å.;1;1;1;0.5;–≠–∫–æ–Ω–æ–º–∏–∫–∞ –∏ –∏–Ω—Ñ—Ä–∞—Å—Ç—Ä—É–∫—Ç—É—Ä–∞
kprf;2021-07-01;–ü—Ä–æ–≥—Ä–∞–º–º–∞ –ø–∞—Ä—Ç–∏–∏;–∑–∞–ø—Ä–µ—Ç –Ω–∞ –ø—Ä–∏–Ω—è—Ç–∏–µ –ª—é–±—ã—Ö –∑–∞–∫–æ–Ω–æ–≤ –∏ —Ä–µ—à–µ–Ω–∏–π, —É—Å—É–≥—É–±–ª—è—é—â–∏—Ö —Å–æ—Ü–∏–∞–ª—å–Ω–æ–µ –Ω–µ—Ä–∞–≤–µ–Ω—Å—Ç–≤–æ;;1;1;0;0;–°–æ—Ü–∏–∞–ª—å–Ω–∞—è –ø–æ–ª–∏—Ç–∏–∫–∞
kprf;2021-07-01;–ü—Ä–æ–≥—Ä–∞–º–º–∞ –ø–∞—Ä—Ç–∏–∏;–ì–∞—Ä–∞–Ω—Ç–∏—Ä–æ–≤–∞—Ç—å –º–æ–ª–æ–¥–µ–∂–∏ –ø–µ—Ä–≤–æ–µ —Ä–∞–±–æ—á–µ–µ –º–µ—Å—Ç–æ;;1;1;0;0.5;–¢—Ä—É–¥ –∏ –∑–∞–Ω—è—Ç–æ—Å—Ç—å
kprf;2021-07-01;–ü—Ä–æ–≥—Ä–∞–º–º–∞ –ø–∞—Ä—Ç–∏–∏;–∏—Å–ø–æ–ª—å–∑–æ–≤–∞—Ç—å –º–µ—Ö–∞–Ω–∏–∑–º –æ—Ç–∑—ã–≤–∞ –¥–µ–ø—É—Ç–∞—Ç–æ–≤, –Ω–∞—Ä—É—à–∞—é—â–∏—Ö –ø—Ä–µ–¥–≤—ã–±–æ—Ä–Ω—ã–µ –æ–±–µ—â–∞–Ω–∏—è;;1;1;1;0;–ü–æ–ª–∏—Ç–∏—á–µ—Å–∫–æ–µ —É—Å—Ç—Ä–æ–π—Å—Ç–≤–æ
kprf;2021-07-01;–ü—Ä–æ–≥—Ä–∞–º–º–∞ –ø–∞—Ä—Ç–∏–∏;–∑–∞ —Å—É—Ä–æ–≤–æ–µ –Ω–∞–∫–∞–∑–∞–Ω–∏–µ –¥–ª—è —Ç–µ—Ö, –∫—Ç–æ –∏–∑–¥–µ–≤–∞–µ—Ç—Å—è –Ω–∞–¥ –≤–æ–ª–µ–∏–∑—ä—è–≤–ª–µ–Ω–∏–µ–º –≥—Ä–∞–∂–¥–∞–Ω, –≤–æ—Ä—É–µ—Ç –≥–æ–ª–æ—Å–∞ –Ω–∞ –≤—ã–±–æ—Ä–∞—Ö –∏ —Ñ–∞–ª—å—Å–∏—Ñ–∏—Ü–∏—Ä—É–µ—Ç –∏—Ö –∏—Ç–æ–≥–∏;;1;1;0;0.5;–ü—Ä–∞–≤–æ–ø–æ—Ä—è–¥–æ–∫ –∏ –±–µ–∑–æ–ø–∞—Å–Ω–æ—Å—Ç—å
ldpr;2021-06-25;–ü—Ä–æ–≥—Ä–∞–º–º–∞ –ø–∞—Ä—Ç–∏–∏;—Å–æ–∑–¥–∞—Ç—å —Å–ø–µ—Ü–∏–∞–ª—å–Ω—ã–µ –º–µ—Å—Ç–∞ –¥–ª—è –±–µ—Å–ø—Ä–µ–ø—è—Ç—Å—Ç–≤–µ–Ω–Ω–æ–≥–æ —Å–æ–±—Ä–∞–Ω–∏—è –≥—Ä–∞–∂–¥–∞–Ω, —á—Ç–æ–±—ã –ø—Ä–µ–¥—Å—Ç–∞–≤–∏—Ç–µ–ª–∏ –≤–ª–∞—Å—Ç–∏ —Å–ª—ã—à–∞–ª–∏ –º–Ω–µ–Ω–∏–µ –Ω–∞—Ä–æ–¥–∞;;1;1;0;0;–ü–æ–ª–∏—Ç–∏—á–µ—Å–∫–æ–µ —É—Å—Ç—Ä–æ–π—Å—Ç–≤–æ
ldpr;2021-06-25;–ü—Ä–æ–≥—Ä–∞–º–º–∞ –ø–∞—Ä—Ç–∏–∏;–∏–∑–±–∏—Ä–∞—Ç—å —Å—É–¥–µ–∏ÃÜ –Ω–∞ —Å–≤–æ–±–æ–¥–Ω—ã—Ö –≤—ã–±–æ—Ä–∞—Ö;;1;1;1;0;–ü—Ä–∞–≤–æ–ø–æ—Ä—è–¥–æ–∫ –∏ –±–µ–∑–æ–ø–∞—Å–Ω–æ—Å—Ç—å
ldpr;2021-06-25;–ü—Ä–æ–≥—Ä–∞–º–º–∞ –ø–∞—Ä—Ç–∏–∏;–æ–±–µ—Å–ø–µ—á–∏—Ç—å —Ä–µ–∞–ª—å–Ω—É—é –Ω–µ–∑–∞–≤–∏—Å–∏–º–æ—Å—Ç—å —Å—É–¥–æ–≤ –≤—Å–µ—Ö —É—Ä–æ–≤–Ω–µ–∏ÃÜ;;1;1;0;0;–ü—Ä–∞–≤–æ–ø–æ—Ä—è–¥–æ–∫ –∏ –±–µ–∑–æ–ø–∞—Å–Ω–æ—Å—Ç—å
ldpr;2021-06-25;–ü—Ä–æ–≥—Ä–∞–º–º–∞ –ø–∞—Ä—Ç–∏–∏;—Ä–∞—Å—à–∏—Ä–∏—Ç—å —Ñ—É–Ω–∫—Ü–∏–∏ –≥–æ—Å—Å–æ–≤–µ—Ç–∞, –∫–æ—Ç–æ—Ä—ã–∏ÃÜ –¥–æ–ª–∂–µ–Ω –ø—Ä–∏–Ω–∏–º–∞—Ç—å —Å—Ç—Ä–∞—Ç–µ–≥–∏—á–µ—Å–∫–∏–µ —Ä–µ—à–µ–Ω–∏—è;;1;1;1;1;–ü—Ä–∞–≤–æ–ø–æ—Ä—è–¥–æ–∫ –∏ –±–µ–∑–æ–ø–∞—Å–Ω–æ—Å—Ç—å
ldpr;2021-06-25;–ü—Ä–æ–≥—Ä–∞–º–º–∞ –ø–∞—Ä—Ç–∏–∏;–≤–º–µ—Å—Ç–æ –≥–ª–∞–≤—ã —Å—á–µ—Ç–Ω–æ–∏ÃÜ –ø–∞–ª–∞—Ç—ã –≤–≤–µ—Å—Ç–∏ –¥–æ–ª–∂–Ω–æ—Å—Ç—å –≥–ª–∞–≤–Ω–æ–≥–æ –ø—Ä–æ–≤–µ—Ä—è—é—â–µ–≥–æ —Ä–æ—Å—Å–∏–∏;;1;1;1;0;–≠–∫–æ–Ω–æ–º–∏–∫–∞ –∏ –∏–Ω—Ñ—Ä–∞—Å—Ç—Ä—É–∫—Ç—É—Ä–∞
ldpr;2021-06-25;–ü—Ä–æ–≥—Ä–∞–º–º–∞ –ø–∞—Ä—Ç–∏–∏;–±–µ—Å–ø–ª–∞—Ç–Ω–æ –ª–µ—á–∏—Ç—å –±–µ—Å–ø–ª–æ–¥–∏–µ;;1;1;1;1;–ó–¥—Ä–∞–≤–æ–æ—Ö—Ä–∞–Ω–µ–Ω–∏–µ
ldpr;2021-06-25;–ü—Ä–æ–≥—Ä–∞–º–º–∞ –ø–∞—Ä—Ç–∏–∏;–≤–≤–µ—Å—Ç–∏ –æ–≥—Ä–∞–Ω–∏—á–µ–Ω–∏–µ –Ω–∞ –∫–æ–ª–∏—á–µ—Å—Ç–≤–æ –º–∞–Ω–¥–∞—Ç–æ–≤ –¥–ª—è –æ–¥–Ω–æ–∏ÃÜ –ø–∞—Ä—Ç–∏–∏ –≤ –ø—Ä–µ–¥—Å—Ç–∞–≤–∏—Ç–µ–ª—å–Ω—ã—Ö –æ—Ä–≥–∞–Ω–∞—Ö –≤–ª–∞—Å—Ç–∏ –≤—Å–µ—Ö —É—Ä–æ–≤–Ω–µ–∏ÃÜ ‚Äî –Ω–µ –±–æ–ª–µ–µ 40%;;1;1;1;0;–ü–æ–ª–∏—Ç–∏—á–µ—Å–∫–æ–µ —É—Å—Ç—Ä–æ–π—Å—Ç–≤–æ
ldpr;2021-06-25;–ü—Ä–æ–≥—Ä–∞–º–º–∞ –ø–∞—Ä—Ç–∏–∏;–≤—Å–µ –∞–ª–∏–º–µ–Ω—Ç—ã –≤—ã–ø–ª–∞—á–∏–≤–∞—Ç—å –∏–∑ —Ñ–µ–¥–µ—Ä–∞–ª—å–Ω–æ–≥–æ –±—é–¥–∂–µ—Ç–∞, –∞ –Ω–µ –∏–∑ –∫–∞—Ä–º–∞–Ω–∞ —Ä–æ–¥–∏—Ç–µ–ª–µ–∏ÃÜ ‚Äî –Ω–µ –º–µ–Ω–µ–µ 25% –æ—Ç —Å—Ä–µ–¥–Ω–µ–∏ÃÜ –∑–∞—Ä–∞–±–æ—Ç–Ω–æ–∏ÃÜ –ø–ª–∞—Ç—ã –≤ —Ä–µ–≥–∏–æ–Ω–µ;;1;1;1;0;–°–æ—Ü–∏–∞–ª—å–Ω–∞—è –ø–æ–ª–∏—Ç–∏–∫–∞
ldpr;2021-06-25;–ü—Ä–æ–≥—Ä–∞–º–º–∞ –ø–∞—Ä—Ç–∏–∏;–æ—Ç–º–µ–Ω–∏—Ç—å –∞–Ω—Ç–∏—Ä—É—Å—Å–∫—É—é –ø–æ–ª–∏—Ç–∏—á–µ—Å–∫—É—é —Å—Ç–∞—Ç—å—é 282 —É–≥–æ–ª–æ–≤–Ω–æ–≥–æ –∫–æ–¥–µ–∫—Å–∞;;1;1;1;0.5;–ü—Ä–∞–≤–æ–ø–æ—Ä—è–¥–æ–∫ –∏ –±–µ–∑–æ–ø–∞—Å–Ω–æ—Å—Ç—å
ldpr;2021-06-25;–ü—Ä–æ–≥—Ä–∞–º–º–∞ –ø–∞—Ä—Ç–∏–∏;—É—Å—Ç–∞–Ω–æ–≤–∏—Ç—å –º–∏–Ω–∏–º–∞–ª—å–Ω—ã–∏ÃÜ —Ä–∞–∑–º–µ—Ä –æ–ø–ª–∞—Ç—ã —Ç—Ä—É–¥–∞ ‚Äî 20 —Ç—ã—Å—è—á —Ä—É–±–ª–µ–∏ÃÜ;;1;1;1;1;–°–æ—Ü–∏–∞–ª—å–Ω–∞—è –ø–æ–ª–∏—Ç–∏–∫–∞
ldpr;2021-06-25;–ü—Ä–æ–≥—Ä–∞–º–º–∞ –ø–∞—Ä—Ç–∏–∏;–æ—Å–≤–æ–±–æ–¥–∏—Ç—å –æ—Ç –Ω–∞–ª–æ–≥–∞ –Ω–∞ –¥–æ—Ö–æ–¥—ã —Ñ–∏–∑–∏—á–µ—Å–∫–∏—Ö –ª–∏—Ü, –µ—Å–ª–∏ –∑–∞—Ä–∞–±–æ—Ç–Ω–∞—è –ø–ª–∞—Ç–∞ –Ω–µ –±–æ–ª–µ–µ 30 —Ç—ã—Å—è—á —Ä—É–±–ª–µ–∏ÃÜ;;1;1;1;0.5;–°–æ—Ü–∏–∞–ª—å–Ω–∞—è –ø–æ–ª–∏—Ç–∏–∫–∞
ldpr;2021-06-25;–ü—Ä–æ–≥—Ä–∞–º–º–∞ –ø–∞—Ä—Ç–∏–∏;–∑–∞–ø—Ä–µ—Ç–∏—Ç—å –¥–∞–≤–∞—Ç—å –∫—Ä–µ–¥–∏—Ç –ø–æ–¥ –∑–∞–ª–æ–≥ –µ–¥–∏–Ω—Å—Ç–≤–µ–Ω–Ω–æ–≥–æ –∂–∏–ª—å—è;;1;1;1;0;–°–æ—Ü–∏–∞–ª—å–Ω–∞—è –ø–æ–ª–∏—Ç–∏–∫–∞
ldpr;2021-06-25;–ü—Ä–æ–≥—Ä–∞–º–º–∞ –ø–∞—Ä—Ç–∏–∏;—Å–æ–∑–¥–∞—Ç—å —Å–∏—Å—Ç–µ–º—É –≥–æ—Å—É–¥–∞—Ä—Å—Ç–≤–µ–Ω–Ω–æ–≥–æ —Å—Ç—Ä–æ–∏—Ç–µ–ª—å—Å—Ç–≤–∞ –∂–∏–ª—å—è;;1;1;1;0;–°–æ—Ü–∏–∞–ª—å–Ω–∞—è –ø–æ–ª–∏—Ç–∏–∫–∞
ldpr;2021-06-25;–ü—Ä–æ–≥—Ä–∞–º–º–∞ –ø–∞—Ä—Ç–∏–∏;–æ—Å–≤–æ–±–æ–¥–∏—Ç—å –æ—Ç –Ω–∞–ª–æ–≥–æ–≤ –±–∏–∑–Ω–µ—Å –≤ —Å—Ñ–µ—Ä–µ –æ–±—Ä–∞–∑–æ–≤–∞–Ω–∏—è, –Ω–∞—É–∫–∏ –∏ –ø—Ä–æ–∏–∑–≤–æ–¥—Å—Ç–≤–∞;;1;1;1;0;–û–±—Ä–∞–∑–æ–≤–∞–Ω–∏–µ
ldpr;2021-06-25;–ü—Ä–æ–≥—Ä–∞–º–º–∞ –ø–∞—Ä—Ç–∏–∏;–∑–∞–ø—Ä–µ—Ç–∏—Ç—å –≤–≤–æ–∑ –≥–º–æ –∏ –≤–µ—Ä–Ω—É—Ç—å –≥–æ—Å—Ç—ã;;1;1;1;0.5;–ó–¥—Ä–∞–≤–æ–æ—Ö—Ä–∞–Ω–µ–Ω–∏–µ
ldpr;2021-06-25;–ü—Ä–æ–≥—Ä–∞–º–º–∞ –ø–∞—Ä—Ç–∏–∏;–∑–∞–ø—Ä–µ—Ç–∏—Ç—å —Ä–µ–∫–ª–∞–º—É –ª—é–±–æ–∏ÃÜ –µ–¥—ã;–¢–æ–ª—å–∫–æ —Å–º–µ—Å–∏ –¥–µ—Ç—Å–∫–∏–µ;1;1;1;0.5;–ó–¥—Ä–∞–≤–æ–æ—Ö—Ä–∞–Ω–µ–Ω–∏–µ
ldpr;2021-06-25;–ü—Ä–æ–≥—Ä–∞–º–º–∞ –ø–∞—Ä—Ç–∏–∏;–ª–∏–∫–≤–∏–¥–∏—Ä–æ–≤–∞—Ç—å —Å–≤–∞–ª–∫–∏ –º—É—Å–æ—Ä–∞;;1;1;0;1;–≠–∫–æ–ª–æ–≥–∏—è
ldpr;2021-06-25;–ü—Ä–æ–≥—Ä–∞–º–º–∞ –ø–∞—Ä—Ç–∏–∏;–ø—Ä–µ–∫—Ä–∞—Ç–∏—Ç—å –≤—ã—Ä—É–±–∫—É –≥–æ—Ä–æ–¥—Å–∫–∏—Ö –ø–∞—Ä–∫–æ–≤;;1;1;1;0;–≠–∫–æ–ª–æ–≥–∏—è
ldpr;2021-06-25;–ü—Ä–æ–≥—Ä–∞–º–º–∞ –ø–∞—Ä—Ç–∏–∏;–≤–Ω–µ—Å—Ç–∏ –≤ –ª–µ—Å–Ω–æ–∏ÃÜ —Ä–µ–µ—Å—Ç—Ä –≤—Å–µ –¥–∞–Ω–Ω—ã–µ –æ –≥–æ—Ä–æ–¥—Å–∫–∏—Ö –∑–µ–ª–µ–Ω—ã—Ö –Ω–∞—Å–∞–∂–¥–µ–Ω–∏—è—Ö;;1;1;1;0;–≠–∫–æ–ª–æ–≥–∏—è
ldpr;2021-06-25;–ü—Ä–æ–≥—Ä–∞–º–º–∞ –ø–∞—Ä—Ç–∏–∏;–≤–≤–µ—Å—Ç–∏ –≥–æ—Å–º–æ–Ω–æ–ø–æ–ª–∏—é –Ω–∞ –∞–ª–∫–æ–≥–æ–ª—å;;1;1;1;0.5;–≠–∫–æ–Ω–æ–º–∏–∫–∞ –∏ –∏–Ω—Ñ—Ä–∞—Å—Ç—Ä—É–∫—Ç—É—Ä–∞
ldpr;2021-06-25;–ü—Ä–æ–≥—Ä–∞–º–º–∞ –ø–∞—Ä—Ç–∏–∏;–≤–≤–µ—Å—Ç–∏ –≥–æ—Å–º–æ–Ω–æ–ø–æ–ª–∏—é –Ω–∞ —Å–∞—Ö–∞—Ä;;1;1;1;0.5;–≠–∫–æ–Ω–æ–º–∏–∫–∞ –∏ –∏–Ω—Ñ—Ä–∞—Å—Ç—Ä—É–∫—Ç—É—Ä–∞
ldpr;2021-06-25;–ü—Ä–æ–≥—Ä–∞–º–º–∞ –ø–∞—Ä—Ç–∏–∏;–ø—Ä–µ–¥—É—Å–º–æ—Ç—Ä–µ—Ç—å –Ω–∞–ª–æ–≥–æ–≤—ã–µ –ª—å–≥–æ—Ç—ã –¥–ª—è –ø–µ—Ä–µ–≤–æ–¥–∞ –±–∏–∑–Ω–µ—Å–∞ –∏–∑ –º–µ–≥–∞–ø–æ–ª–∏—Å–æ–≤ –≤ –º–∞–ª—ã–µ –≥–æ—Ä–æ–¥–∞;;1;1;1;1;–≠–∫–æ–Ω–æ–º–∏–∫–∞ –∏ –∏–Ω—Ñ—Ä–∞—Å—Ç—Ä—É–∫—Ç—É—Ä–∞
ldpr;2021-06-25;–ü—Ä–æ–≥—Ä–∞–º–º–∞ –ø–∞—Ä—Ç–∏–∏;—Å–Ω–∏–∑–∏—Ç—å –±–∞–Ω–∫–æ–≤—Å–∫—É—é –∫—Ä–µ–¥–∏—Ç–Ω—É—é —Å—Ç–∞–≤–∫—É –¥–ª—è —Ñ–∏–∑–∏—á–µ—Å–∫–∏—Ö –ª–∏—Ü –¥–æ 5%, —Å—Ç–∞–≤–∫–∏ –¥–ª—è –±–∏–∑–Ω–µ—Å–∞ –¥–æ 2‚Äì3%, —Å—Ç–∞–≤–∫–∏ –¥–ª—è —Å–µ–ª—å—Å–∫–æ—Ö–æ–∑—è–∏ÃÜ—Å—Ç–≤–µ–Ω–Ω–æ–≥–æ –±–∏–∑–Ω–µ—Å–∞ –¥–æ 1‚Äì 2% —Å –æ—Ç—Å—Ä–æ—á–∫–æ–∏ÃÜ –ø–ª–∞—Ç–µ–∂–∞ –¥–æ –ø—Ä–æ–¥–∞–∂–∏ —É—Ä–æ–∂–∞—è;;1;1;1;0.5;–≠–∫–æ–Ω–æ–º–∏–∫–∞ –∏ –∏–Ω—Ñ—Ä–∞—Å—Ç—Ä—É–∫—Ç—É—Ä–∞
ldpr;2021-06-25;–ü—Ä–æ–≥—Ä–∞–º–º–∞ –ø–∞—Ä—Ç–∏–∏;–Ω–µ –≤–∑–∏–º–∞—Ç—å –Ω–∞–ª–æ–≥–∏ —Å –º–∞–ª–æ–≥–æ –±–∏–∑–Ω–µ—Å–∞ –≤ —Ç–µ—á–µ–Ω–∏–µ —Ç—Ä–µ—Ö –ª–µ—Ç —Å –Ω–∞—á–∞–ª–∞ —Ä–∞–±–æ—Ç—ã;;1;1;1;0;–≠–∫–æ–Ω–æ–º–∏–∫–∞ –∏ –∏–Ω—Ñ—Ä–∞—Å—Ç—Ä—É–∫—Ç—É—Ä–∞
sprav_ross;2021-06-26;–ü—Ä–æ–≥—Ä–∞–º–º–∞ –ø–∞—Ä—Ç–∏–∏;—É—Å–æ–≤–µ—Ä—à–µ–Ω—Å—Ç–≤–æ–≤–∞—Ç—å —Å–∏—Å—Ç–µ–º—É –≥—Ä–∞–Ω—Ç–æ–≤–æ–∏ÃÜ –ø–æ–¥–¥–µ—Ä–∂–∫–∏ —Å —Ü–µ–ª—å—é –∏—Å–∫–ª—é—á–µ–Ω–∏—è —Å–ª—É—á–∞–µ–≤ —Ñ–∏–Ω–∞–Ω—Å–∏—Ä–æ–≤–∞–Ω–∏—è –≥–æ—Å—É–¥–∞—Ä—Å—Ç–≤–æ–º –Ω–µ–∫–∞—á–µ—Å—Ç–≤–µ–Ω–Ω—ã—Ö —Ç–≤–æ—Ä—á–µ—Å–∫–∏—Ö –ø—Ä–æ–µ–∫—Ç–æ–≤;;1;1;0;0;–≠–∫–æ–Ω–æ–º–∏–∫–∞ –∏ –∏–Ω—Ñ—Ä–∞—Å—Ç—Ä—É–∫—Ç—É—Ä–∞
sprav_ross;2021-06-26;–ü—Ä–æ–≥—Ä–∞–º–º–∞ –ø–∞—Ä—Ç–∏–∏;–∑–∞—â–∏—Ç–∏—Ç—å –≥–æ—Å—É–¥–∞—Ä—Å—Ç–≤–µ–Ω–Ω—ã–µ –∏–Ω—Ç–µ—Ä–µ—Å—ã, –ø—Ä–∞–≤–∞ –≥—Ä–∞–∂–¥–∞–Ω –Ω–∞ —Ç–µ—Ä—Ä–∏—Ç–æ—Ä–∏–∏ —Ä—É–Ω–µ—Ç–∞, —Å–æ–∑–¥–∞—Ç—å —Å–∏—Å—Ç–µ–º—É —Ö—Ä–∞–Ω–µ–Ω–∏—è –∞—Ä—Ö–∏–≤–∞ —Ç–µ–∫—Å—Ç–æ–≤—ã—Ö –∏ –∞—É–¥–∏–æ-–≤–∏–∑—É–∞–ª—å–Ω—ã—Ö —Ä–µ–∑—É–ª—å—Ç–∞—Ç–æ–≤ —Ç–≤–æ—Ä—á–µ—Å–∫–æ–∏ÃÜ –¥–µ—è—Ç–µ–ª—å–Ω–æ—Å—Ç–∏ –≥—Ä–∞–∂–¥–∞–Ω —Ä—Ñ –≤ —Å–µ—Ç–∏ —Ä—É–Ω–µ—Ç –Ω–∞ —Ç–µ—Ä—Ä–∏—Ç–æ—Ä–∏–∏ —Ä–æ—Å—Å–∏–∏;;1;1;0;0;–¶–∏—Ñ—Ä–æ–≤–∏–∑–∞—Ü–∏—è
sprav_ross;2021-06-26;–ü—Ä–æ–≥—Ä–∞–º–º–∞ –ø–∞—Ä—Ç–∏–∏;–≤–≤–µ—Å—Ç–∏ –µ–∂–µ–º–µ—Å—è—á–Ω—ã–∏ÃÜ –¥–µ–Ω—å –±–µ—Å–ø–ª–∞—Ç–Ω–æ–≥–æ –ø–æ—Å–µ—â–µ–Ω–∏—è –º—É–∑–µ–µ–≤ –¥–ª—è –≤—Å–µ—Ö –≥—Ä–∞–∂–¥–∞–Ω —Ä–æ—Å—Å–∏–∏;;1;1;1;0;–°–æ—Ü–∏–∞–ª—å–Ω–∞—è –ø–æ–ª–∏—Ç–∏–∫–∞
sprav_ross;2021-06-26;–ü—Ä–æ–≥—Ä–∞–º–º–∞ –ø–∞—Ä—Ç–∏–∏;–ø–æ–º–æ—á—å –ø–æ–≥–∞—Å–∏—Ç—å –≥–æ—Å—É–¥–∞—Ä—Å—Ç–≤–æ–º –∏–ø–æ—Ç–µ—á–Ω—ã–µ –∫—Ä–µ–¥–∏—Ç—ã –ø—Ä–∏ —Ä–æ–∂–¥–µ–Ω–∏–∏ —Ç—Ä–µÃà—Ö –∏ –±–æ–ª–µ–µ –¥–µ—Ç–µ–∏ÃÜ;–æ –ø—Ä–æ–≥—Ä–µ—Å—Å–∏–≤–Ω—ã—Ö –≤—ã–ø–ª–∞—Ç–∞—Ö —Å–µ–º—å—è–º –Ω–∞ –ø–æ–≥–∞—à–µ–Ω–∏–µ –∏–ø–æ—Ç–µ–∫–∏ –ø—Ä–∏ —Ä–æ–∂–¥–µ–Ω–∏–∏ –¥–µ—Ç–µ–π;1;1;1;0.5;–°–æ—Ü–∏–∞–ª—å–Ω–∞—è –ø–æ–ª–∏—Ç–∏–∫–∞
sprav_ross;2021-06-26;–ü—Ä–æ–≥—Ä–∞–º–º–∞ –ø–∞—Ä—Ç–∏–∏;–ø–æ–≤—ã—Å–∏—Ç—å —Å—Ç–∏–ø–µ–Ω–¥–∏–∏ –¥–ª—è —Å—Ç—É–¥–µ–Ω—Ç–æ–≤ –¥–æ —É—Ä–æ–≤–Ω—è –ø—Ä–æ–∂–∏—Ç–æ—á–Ω–æ–≥–æ –º–∏–Ω–∏–º—É–º–∞;;1;1;1;0.5;–°–æ—Ü–∏–∞–ª—å–Ω–∞—è –ø–æ–ª–∏—Ç–∏–∫–∞
sprav_ross;2021-06-26;–ü—Ä–æ–≥—Ä–∞–º–º–∞ –ø–∞—Ä—Ç–∏–∏;–≤–≤–µ—Å—Ç–∏ –ø–æ—á–∞—Å–æ–≤—É—é –æ–ø–ª–∞—Ç—É —Ç—Ä—É–¥–∞ –≤ —Ä–∞–∑–º–µ—Ä–µ –Ω–µ –Ω–∏–∂–µ 300 —Ä—É–±–ª–µ–∏ÃÜ;150 - –ø—Ä–æ–≥–æ–ª–æ—Å–æ–≤–∞–ª–∏ –∑–∞;1;1;1;0.5;–¢—Ä—É–¥ –∏ –∑–∞–Ω—è—Ç–æ—Å—Ç—å
sprav_ross;2021-06-26;–ü—Ä–æ–≥—Ä–∞–º–º–∞ –ø–∞—Ä—Ç–∏–∏;–∂–µ—Å—Ç–∫–æ –Ω–∞–∫–∞–∑—ã–≤–∞—Ç—å —Ä–∞–±–æ—Ç–æ–¥–∞—Ç–µ–ª–µ–∏ÃÜ –∑–∞ —ç–∫—Å–ø–ª—É–∞—Ç–∞—Ü–∏—é —Ç—Ä—É–¥—è—â–∏—Ö—Å—è, —Ä–∞–±–æ—Ç–∞—é—â–∏—Ö –±–µ–∑ –æ—Ñ–æ—Ä–º–ª–µ–Ω–∏—è –æ—Ñ–∏—Ü–∏–∞–ª—å–Ω—ã—Ö –∫–æ–Ω—Ç—Ä–∞–∫—Ç–æ–≤;;1;1;1;0;–¢—Ä—É–¥ –∏ –∑–∞–Ω—è—Ç–æ—Å—Ç—å
sprav_ross;2021-06-26;–ü—Ä–æ–≥—Ä–∞–º–º–∞ –ø–∞—Ä—Ç–∏–∏;–ø—Ä–∏—Ä–∞–≤–Ω—è—Ç—å –ø–µ–¥–∞–≥–æ–≥–æ–≤ –∏ –º–µ–¥–∏–∫–æ–≤ –ø–æ —Å—Ç–∞—Ç—É—Å—É –∫ –≥–æ—Å—É–¥–∞—Ä—Å—Ç–≤–µ–Ω–Ω—ã–º —Å–ª—É–∂–∞—â–∏–º –ø–æ –æ–±—ä–µ–º—É –ø—Ä–µ–¥–æ—Å—Ç–∞–≤–ª—è–µ–º—ã—Ö —Å–æ—Ü–∏–∞–ª—å–Ω—ã—Ö –∏ —Ç—Ä—É–¥–æ–≤—ã—Ö –≥–∞—Ä–∞–Ω—Ç–∏–∏ÃÜ;;1;1;1;0.5;–°–æ—Ü–∏–∞–ª—å–Ω–∞—è –ø–æ–ª–∏—Ç–∏–∫–∞
sprav_ross;2021-06-26;–ü—Ä–æ–≥—Ä–∞–º–º–∞ –ø–∞—Ä—Ç–∏–∏;—É—Å—Ç–∞–Ω–æ–≤–ª–µ–Ω–∏–µ —Å—Ç–∞—Ç—É—Å–∞ –≤–µ—Ç–µ—Ä–∞–Ω–æ–≤ –±–æ–µ–≤—ã—Ö –¥–µ–∏ÃÜ—Å—Ç–≤–∏–∏ÃÜ –¥–ª—è –≤—Å–µ—Ö –≥—Ä–∞–∂–¥–∞–Ω, –ø—Ä–∏–Ω–∏–º–∞–≤—à–∏—Ö —É—á–∞—Å—Ç–∏–µ –≤ –±–æ–µ–≤—ã—Ö –¥–µ–∏ÃÜ—Å—Ç–≤–∏—è—Ö;;1;1;1;0.5;–°–æ—Ü–∏–∞–ª—å–Ω–∞—è –ø–æ–ª–∏—Ç–∏–∫–∞
sprav_ross;2021-06-26;–ü—Ä–æ–≥—Ä–∞–º–º–∞ –ø–∞—Ä—Ç–∏–∏;–æ—Ç–º–µ–Ω–∞ –Ω–∞–ª–æ–≥–æ–≤–æ–≥–æ –º–∞–Ω–µ–≤—Ä–∞ –≤ –Ω–µ—Ñ—Ç—è–Ω–æ–∏ÃÜ –æ—Ç—Ä–∞—Å–ª–∏ ;;1;1;1;0.5;–≠–∫–æ–Ω–æ–º–∏–∫–∞ –∏ –∏–Ω—Ñ—Ä–∞—Å—Ç—Ä—É–∫—Ç—É—Ä–∞
sprav_ross;2021-06-26;–ü—Ä–æ–≥—Ä–∞–º–º–∞ –ø–∞—Ä—Ç–∏–∏;–æ—Å–≤–æ–±–æ–∂–¥–µ–Ω–∏–µ –æ—Ç –≤—Å–µ—Ö –Ω–∞–ª–æ–≥–æ–≤ —Å–∞–º–æ–∑–∞–Ω—è—Ç—ã—Ö –≥—Ä–∞–∂–¥–∞–Ω, –∏–Ω–¥–∏–≤–∏–¥—É–∞–ª—å–Ω—ã—Ö –ø—Ä–µ–¥–ø—Ä–∏–Ω–∏–º–∞—Ç–µ–ª–µ–∏ÃÜ –∏ –º–∞–ª–æ–≥–æ –±–∏–∑–Ω–µ—Å–∞, —Ä–∞–∑–≤–∏—Ç–∏–µ –≤—Å–µ—Ö —Ñ–æ—Ä–º –∫–æ–æ–ø–µ—Ä–∞—Ü–∏–∏;;1;1;1;0.5;–≠–∫–æ–Ω–æ–º–∏–∫–∞ –∏ –∏–Ω—Ñ—Ä–∞—Å—Ç—Ä—É–∫—Ç—É—Ä–∞
sprav_ross;2021-06-26;–ü—Ä–æ–≥—Ä–∞–º–º–∞ –ø–∞—Ä—Ç–∏–∏;–ø–æ–≤—ã—à–µ–Ω–∏–µ –≥–∞—Ä–∞–Ω—Ç–∏–∏ÃÜ —Å—É–¥–µ–±–Ω–æ–∏ÃÜ –∑–∞—â–∏—Ç—ã –¥–ª—è –±–∏–∑–Ω–µ—Å–∞ –≤ —Å–ª—É—á–∞–µ –µ–≥–æ –ø—Ä–µ—Å–ª–µ–¥–æ–≤–∞–Ω–∏—è –ø–æ —É–≥–æ–ª–æ–≤–Ω—ã–º –º–æ—Ç–∏–≤–∞–º;;1;1;0;0;–≠–∫–æ–Ω–æ–º–∏–∫–∞ –∏ –∏–Ω—Ñ—Ä–∞—Å—Ç—Ä—É–∫—Ç—É—Ä–∞
sprav_ross;2021-06-26;–ü—Ä–æ–≥—Ä–∞–º–º–∞ –ø–∞—Ä—Ç–∏–∏;–≤–æ–∑–≤—Ä–∞—Ç –≤ –ª–µ—Å —Ö–æ–∑—è–∏–Ω–∞ ‚Äì –ª–µ—Å–Ω–∏–∫–∞, –≤–æ—Å—Å—Ç–∞–Ω–æ–≤–ª–µ–Ω–∏–µ —Å–≥–æ—Ä–µ–≤—à–∏—Ö –∏ —É–Ω–∏—á—Ç–æ–∂–µ–Ω–Ω—ã—Ö –ª–µ—Å–æ–≤;;1;1;1;0;–≠–∫–æ–ª–æ–≥–∏—è
sprav_ross;2021-06-26;–ü—Ä–æ–≥—Ä–∞–º–º–∞ –ø–∞—Ä—Ç–∏–∏;–≤–≤–µ–¥–µ–Ω–∏–µ —Å–µ—Ä—å–µÃà–∑–Ω—ã—Ö –Ω–∞–∫–∞–∑–∞–Ω–∏–∏ÃÜ –¥–ª—è –≤–∏–Ω–æ–≤–Ω–∏–∫–æ–≤ –ø—Ä–∏—Ä–æ–¥–Ω—ã—Ö –ø–æ–∂–∞—Ä–æ–≤;;1;1;1;0;–≠–∫–æ–ª–æ–≥–∏—è
sprav_ross;2021-06-26;–ü—Ä–æ–≥—Ä–∞–º–º–∞ –ø–∞—Ä—Ç–∏–∏;–ø–µ—Ä–µ—Ö–æ–¥ –æ—Ç —Å–≤–∞–ª–æ–∫ –∫ –ø–µ—Ä–µ—Ä–∞–±–æ—Ç–∫–µ –º—É—Å–æ—Ä–∞: –ø–ª–∞—Ç–∏—Ç—å –∑–∞ –ø–µ—Ä–µ—Ä–∞–±–æ—Ç–∫—É –¥–æ–ª–∂–Ω—ã –Ω–µ —Ä—è–¥–æ–≤—ã–µ –≥—Ä–∞–∂–¥–∞–Ω–µ, –∞ –∫–æ—Ä–ø–æ—Ä–∞—Ü–∏–∏ ‚Äì –≥–ª–∞–≤–Ω—ã–µ –≤–∏–Ω–æ–≤–Ω–∏–∫–∏ –µ–≥–æ –ø–æ—è–≤–ª–µ–Ω–∏—è;;1;1;1;0.5;–≠–∫–æ–ª–æ–≥–∏—è
sprav_ross;2021-06-26;–ü—Ä–æ–≥—Ä–∞–º–º–∞ –ø–∞—Ä—Ç–∏–∏;–≤–≤–µ–¥–µ–Ω–∏–µ –≤—ã—Å—à–µ–∏ÃÜ –º–µ—Ä—ã –Ω–∞–∫–∞–∑–∞–Ω–∏—è –¥–ª—è —Ç–µ—Ä—Ä–æ—Ä–∏—Å—Ç–æ–≤ –∏ –∏—Ö –ø–æ—Å–æ–±–Ω–∏–∫–æ–≤;–°–µ—Ä–≥–µ–π –ú–∏—Ä–æ–Ω–æ–≤ –Ω–∞–ø—Ä–∞–≤–∏–ª –æ—Ñ–∏—Ü–∏–∞–ª—å–Ω–æ–µ –æ–±—Ä–∞—â–µ–Ω–∏–µ –ü—Ä–µ–∑–∏–¥–µ–Ω—Ç—É –†–æ—Å—Å–∏–∏ –í–ª–∞–¥–∏–º–∏—Ä—É –ü—É—Ç–∏–Ω—É –ø–æ –≤–æ–ø—Ä–æ—Å—É –ø–µ—Ä–µ—Å–º–æ—Ç—Ä–∞ –ø—Ä–∞–≤–æ–≤–æ–π –ø–æ–∑–∏—Ü–∏–∏ —Ä–µ—à–µ–Ω–∏–π –ö–æ–Ω—Å—Ç–∏—Ç—É—Ü–∏–æ–Ω–Ω–æ–≥–æ —Å—É–¥–∞ –≤ –æ—Ç–Ω–æ—à–µ–Ω–∏–∏ –≤–æ–∑–º–æ–∂–Ω–æ—Å—Ç–∏ –Ω–∞–∑–Ω–∞—á–µ–Ω–∏—è –∏ –ø—Ä–∏–≤–µ–¥–µ–Ω–∏—è –≤ –∏—Å–ø–æ–ª–Ω–µ–Ω–∏–µ –Ω–∞–∫–∞–∑–∞–Ω–∏—è –≤ –≤–∏–¥–µ —Å–º–µ—Ä—Ç–Ω–æ–π –∫–∞–∑–Ω–∏.;1;1;1;0.5;–ü—Ä–∞–≤–æ–ø–æ—Ä—è–¥–æ–∫ –∏ –±–µ–∑–æ–ø–∞—Å–Ω–æ—Å—Ç—å
sprav_ross;2021-06-26;–ü—Ä–æ–≥—Ä–∞–º–º–∞ –ø–∞—Ä—Ç–∏–∏;–≤–≤–µ–¥–µ–Ω–∏–µ –≤—ã—Å—à–µ–∏ÃÜ –º–µ—Ä—ã –Ω–∞–∫–∞–∑–∞–Ω–∏—è –¥–ª—è —Å–µ—Ä–∏–∏ÃÜ–Ω—ã—Ö —É–±–∏–∏ÃÜ—Ü ;;1;1;1;0.5;–ü—Ä–∞–≤–æ–ø–æ—Ä—è–¥–æ–∫ –∏ –±–µ–∑–æ–ø–∞—Å–Ω–æ—Å—Ç—å
sprav_ross;2021-06-26;–ü—Ä–æ–≥—Ä–∞–º–º–∞ –ø–∞—Ä—Ç–∏–∏;–ø—Ä–∏—Ä–∞–≤–Ω–∏–≤–∞–Ω–∏–µ –∫–æ—Ä—Ä—É–ø—Ü–∏–∏ –∏ —Ä–∞—Å—Ö–∏—â–µ–Ω–∏—è –≥–æ—Å—É–¥–∞—Ä—Å—Ç–≤–µ–Ω–Ω–æ–≥–æ –∏–º—É—â–µ—Å—Ç–≤–∞ –∫ –≥–æ—Å—É–¥–∞—Ä—Å—Ç–≤–µ–Ω–Ω–æ–∏ÃÜ –∏–∑–º–µ–Ω–µ;;1;1;1;0;–ü—Ä–∞–≤–æ–ø–æ—Ä—è–¥–æ–∫ –∏ –±–µ–∑–æ–ø–∞—Å–Ω–æ—Å—Ç—å
sprav_ross;2021-06-26;–ü—Ä–æ–≥—Ä–∞–º–º–∞ –ø–∞—Ä—Ç–∏–∏;–ø–æ–¥–¥–µ—Ä–∂–∫–∞ –ø—Ä–µ–¥–ø—Ä–∏—è—Ç–∏–∏ÃÜ, –∏—Å–ø–æ–ª—å–∑—É—é—â–∏—Ö –∑–µ–ª–µÃà–Ω—É—é —Ç–µ—Ö–Ω–æ–ª–æ–≥–∏—é, –ø–æ–≤—Å–µ–º–µ—Å—Ç–Ω–æ–µ –≤–Ω–µ–¥—Ä–µ–Ω–∏–µ –ø–µ—Ä–µ–¥–æ–≤—ã—Ö –Ω–∞—É—á–Ω—ã—Ö —Ä–∞–∑—Ä–∞–±–æ—Ç–æ–∫, –ø–æ–∑–≤–æ–ª—è—é—â–∏—Ö —Ä–∞–∑–≤–∏–≤–∞—Ç—å —ç–∫–æ–Ω–æ–º–∏–∫—É –±–µ–∑ —É—â–µ—Ä–±–∞ –ø—Ä–∏—Ä–æ–¥–µ;;1;1;0;0.5;–≠–∫–æ–ª–æ–≥–∏—è
sprav_ross;2021-06-26;–ü—Ä–æ–≥—Ä–∞–º–º–∞ –ø–∞—Ä—Ç–∏–∏;–∑–∞–ø—Ä–µ—Ç –Ω–∞ –≤—ã–≤–æ–∑ –ª–µ—Å–∞-–∫—Ä—É–≥–ª—è–∫–∞ –∑–∞ –ø—Ä–µ–¥–µ–ª—ã —Ä–æ—Å—Å–∏–∏ ;;1;1;1;1;–≠–∫–æ–ª–æ–≥–∏—è
sprav_ross;;–ü—Ä–æ–≥—Ä–∞–º–º–∞ –ø–∞—Ä—Ç–∏–∏;–≤–æ–∑–≤—Ä–∞—Ç –≥—Ä–∞–∂–¥–∞–Ω–∞–º —É—Ç–µ—Ä—è–Ω–Ω—ã—Ö –≤–∫–ª–∞–¥–æ–≤ —Å–±–µ—Ä–±–∞–Ω–∫–∞ —Å—Å—Å—Ä ;–ü—Ä–µ–¥–ª–æ–∂–∏–ª–∞ –º–µ—Ö–∞–Ω–∏–∑–º –∏ –Ω–µ –ø–æ–¥–¥–µ—Ä–∂–∏—Ç –∑–∞–∫–æ–Ω–æ–ø—Ä–æ–µ–∫—Ç –ü—Ä–∞–≤–∏—Ç–µ–ª—å—Å—Ç–≤–∞ –æ–± –æ—á–µ—Ä–µ–¥–Ω–æ–π –∑–∞–º–æ—Ä–æ–∑–∫–µ –≤—ã–ø–ª–∞—Ç, –∞ –±—É–¥–µ—Ç –Ω–∞—Å—Ç–∞–∏–≤–∞—Ç—å –Ω–∞ —Ä–µ–∞–ª–∏–∑–∞—Ü–∏–∏ —Å–æ–±—Å—Ç–≤–µ–Ω–Ω—ã—Ö –ø—Ä–µ–¥–ª–æ–∂–µ–Ω–∏–π, –ø–æ–¥—á–µ—Ä–∫–Ω—É–ª –ø–∞—Ä–ª–∞–º–µ–Ω—Ç–∞—Ä–∏–π;1;1;1;0.5;–≠–∫–æ–Ω–æ–º–∏–∫–∞ –∏ –∏–Ω—Ñ—Ä–∞—Å—Ç—Ä—É–∫—Ç—É—Ä–∞
sprav_ross;2021-06-26;–ü—Ä–æ–≥—Ä–∞–º–º–∞ –ø–∞—Ä—Ç–∏–∏;–∑–∞–∫—Ä–µ–ø–∏—Ç—å –ø—Ä–∏–Ω—Ü–∏–ø –±–µ—Å–ø–ª–∞—Ç–Ω–æ–∏ÃÜ –≤—ã–¥–∞—á–∏ –Ω–∞—Å–µ–ª–µ–Ω–∏—é –ª–µ–∫–∞—Ä—Å—Ç–≤ –≤ –ø–µ—Ä–∏–æ–¥—ã —ç–ø–∏–¥–µ–º–∏–∏ÃÜ –∏ –∫—Ä–∏–∑–∏—Å–Ω—ã—Ö —Å–∏—Ç—É–∞—Ü–∏–∏ÃÜ;;1;1;1;0;–ó–¥—Ä–∞–≤–æ–æ—Ö—Ä–∞–Ω–µ–Ω–∏–µ